id,y_pred
2025-12-25 21:00:00+01:00,102.55604
2025-12-25 22:00:00+01:00,98.0443
2025-12-25 23:00:00+01:00,96.50984
2025-12-26 00:00:00+01:00,93.228195
2025-12-26 01:00:00+01:00,91.3616
2025-12-26 02:00:00+01:00,89.7618
2025-12-26 03:00:00+01:00,89.44433
2025-12-26 04:00:00+01:00,88.336914
2025-12-26 05:00:00+01:00,87.98548
2025-12-26 06:00:00+01:00,87.57323
2025-12-26 07:00:00+01:00,90.55222
2025-12-26 08:00:00+01:00,92.12058
2025-12-26 09:00:00+01:00,98.154755
2025-12-26 10:00:00+01:00,89.85596
2025-12-26 11:00:00+01:00,82.22266
2025-12-26 12:00:00+01:00,80.58877
2025-12-26 13:00:00+01:00,81.70526
2025-12-26 14:00:00+01:00,86.446465
2025-12-26 15:00:00+01:00,97.30151
2025-12-26 16:00:00+01:00,104.37731
2025-12-26 17:00:00+01:00,109.338326
2025-12-26 18:00:00+01:00,126.02758
2025-12-26 19:00:00+01:00,114.53771
2025-12-26 20:00:00+01:00,111.29531
2025-12-26 21:00:00+01:00,104.7613
2025-12-26 22:00:00+01:00,104.10151
2025-12-26 23:00:00+01:00,97.59419
2025-12-27 00:00:00+01:00,98.593666
2025-12-27 01:00:00+01:00,94.892624
2025-12-27 02:00:00+01:00,92.46393
2025-12-27 03:00:00+01:00,90.66232
2025-12-27 04:00:00+01:00,89.43356
2025-12-27 05:00:00+01:00,89.3161
2025-12-27 06:00:00+01:00,90.82668
2025-12-27 07:00:00+01:00,93.874596
2025-12-27 08:00:00+01:00,103.44616
2025-12-27 09:00:00+01:00,105.69267
2025-12-27 10:00:00+01:00,94.50048
2025-12-27 11:00:00+01:00,79.44802
2025-12-27 12:00:00+01:00,68.81303
2025-12-27 13:00:00+01:00,65.60986
2025-12-27 14:00:00+01:00,76.450325
2025-12-27 15:00:00+01:00,92.06943
2025-12-27 16:00:00+01:00,105.70724
2025-12-27 17:00:00+01:00,113.18607
2025-12-27 18:00:00+01:00,120.05096
2025-12-27 19:00:00+01:00,111.83919
2025-12-27 20:00:00+01:00,109.22853
2025-12-27 21:00:00+01:00,104.890564
2025-12-27 22:00:00+01:00,109.20982
2025-12-27 23:00:00+01:00,100.99893
2025-12-28 00:00:00+01:00,98.15086
2025-12-28 01:00:00+01:00,95.33502
2025-12-28 02:00:00+01:00,91.35012
2025-12-28 03:00:00+01:00,88.18163
2025-12-28 04:00:00+01:00,88.61757
2025-12-28 05:00:00+01:00,90.05517
2025-12-28 06:00:00+01:00,90.058846
2025-12-28 07:00:00+01:00,96.28751
2025-12-28 08:00:00+01:00,105.92635
2025-12-28 09:00:00+01:00,111.72412
2025-12-28 10:00:00+01:00,106.779076
2025-12-28 11:00:00+01:00,94.89853
2025-12-28 12:00:00+01:00,92.317566
2025-12-28 13:00:00+01:00,90.791954
2025-12-28 14:00:00+01:00,89.81138
2025-12-28 15:00:00+01:00,96.46825
2025-12-28 16:00:00+01:00,103.734825
2025-12-28 17:00:00+01:00,110.76545
2025-12-28 18:00:00+01:00,116.66252
2025-12-28 19:00:00+01:00,107.53084
2025-12-28 20:00:00+01:00,113.39383
2025-12-28 21:00:00+01:00,95.89589
2025-12-28 22:00:00+01:00,99.44006
2025-12-28 23:00:00+01:00,90.61983
2025-12-29 00:00:00+01:00,80.626076
2025-12-29 01:00:00+01:00,73.81899
2025-12-29 02:00:00+01:00,65.19
2025-12-29 03:00:00+01:00,60.574173
2025-12-29 04:00:00+01:00,67.0577
2025-12-29 05:00:00+01:00,74.06553
2025-12-29 06:00:00+01:00,76.3887
2025-12-29 07:00:00+01:00,86.103546
2025-12-29 08:00:00+01:00,94.517914
2025-12-29 09:00:00+01:00,97.29092
2025-12-29 10:00:00+01:00,93.204216
2025-12-29 11:00:00+01:00,84.329796
2025-12-29 12:00:00+01:00,76.56133
2025-12-29 13:00:00+01:00,76.4209
2025-12-29 14:00:00+01:00,77.86023
2025-12-29 15:00:00+01:00,87.37881
2025-12-29 16:00:00+01:00,95.663895
2025-12-29 17:00:00+01:00,104.213135
2025-12-29 18:00:00+01:00,111.30363
2025-12-29 19:00:00+01:00,108.68041
2025-12-29 20:00:00+01:00,96.68471
2025-12-29 21:00:00+01:00,89.90004
2025-12-29 22:00:00+01:00,89.43934
2025-12-29 23:00:00+01:00,85.726074
2025-12-30 00:00:00+01:00,79.77662
2025-12-30 01:00:00+01:00,74.04483
2025-12-30 02:00:00+01:00,72.4653
2025-12-30 03:00:00+01:00,70.81441
2025-12-30 04:00:00+01:00,68.44711
2025-12-30 05:00:00+01:00,66.6988
2025-12-30 06:00:00+01:00,68.14518
2025-12-30 07:00:00+01:00,81.53112
2025-12-30 08:00:00+01:00,100.68046
2025-12-30 09:00:00+01:00,102.37509
2025-12-30 10:00:00+01:00,91.94691
2025-12-30 11:00:00+01:00,76.25207
2025-12-30 12:00:00+01:00,73.38468
2025-12-30 13:00:00+01:00,71.75558
2025-12-30 14:00:00+01:00,75.133804
2025-12-30 15:00:00+01:00,88.987656
2025-12-30 16:00:00+01:00,100.519684
2025-12-30 17:00:00+01:00,109.97205
2025-12-30 18:00:00+01:00,115.85641
2025-12-30 19:00:00+01:00,110.77855
2025-12-30 20:00:00+01:00,106.26661
2025-12-30 21:00:00+01:00,102.91236
2025-12-30 22:00:00+01:00,101.27192
2025-12-30 23:00:00+01:00,93.534454
2025-12-31 00:00:00+01:00,87.83403
2025-12-31 01:00:00+01:00,83.095764
2025-12-31 02:00:00+01:00,76.2129
2025-12-31 03:00:00+01:00,68.30758
2025-12-31 04:00:00+01:00,60.562775
2025-12-31 05:00:00+01:00,60.411015
2025-12-31 06:00:00+01:00,60.1655
2025-12-31 07:00:00+01:00,65.65158
2025-12-31 08:00:00+01:00,73.8469
2025-12-31 09:00:00+01:00,75.59668
2025-12-31 10:00:00+01:00,69.61945
2025-12-31 11:00:00+01:00,56.264965
2025-12-31 12:00:00+01:00,45.41292
2025-12-31 13:00:00+01:00,35.487633
2025-12-31 14:00:00+01:00,46.50069
2025-12-31 15:00:00+01:00,68.95827
2025-12-31 16:00:00+01:00,80.1223
2025-12-31 17:00:00+01:00,88.89681
2025-12-31 18:00:00+01:00,92.72873
2025-12-31 19:00:00+01:00,89.79304
2025-12-31 20:00:00+01:00,86.69139
2025-12-31 21:00:00+01:00,74.57344
2025-12-31 22:00:00+01:00,72.58796
2025-12-31 23:00:00+01:00,63.23011
2026-01-01 00:00:00+01:00,56.891045
2026-01-01 01:00:00+01:00,44.077286
2026-01-01 02:00:00+01:00,5.012697
2026-01-01 03:00:00+01:00,9.025512
2026-01-01 04:00:00+01:00,0.37114823
2026-01-01 05:00:00+01:00,2.0496776
2026-01-01 06:00:00+01:00,2.739069
2026-01-01 07:00:00+01:00,3.7185013
2026-01-01 08:00:00+01:00,6.557989
2026-01-01 09:00:00+01:00,6.27577
2026-01-01 10:00:00+01:00,6.651973
2026-01-01 11:00:00+01:00,6.5582023
2026-01-01 12:00:00+01:00,6.150874
2026-01-01 13:00:00+01:00,6.2887073
2026-01-01 14:00:00+01:00,6.1335397
2026-01-01 15:00:00+01:00,8.877183
2026-01-01 16:00:00+01:00,9.046789
2026-01-01 17:00:00+01:00,15.357645
2026-01-01 18:00:00+01:00,26.201574
2026-01-01 19:00:00+01:00,23.71644
2026-01-01 20:00:00+01:00,11.071972
2026-01-01 21:00:00+01:00,8.401628
2026-01-01 22:00:00+01:00,12.667984
2026-01-01 23:00:00+01:00,3.7442648
2026-01-02 00:00:00+01:00,5.131681
2026-01-02 01:00:00+01:00,2.4534621
2026-01-02 02:00:00+01:00,0.5864232
2026-01-02 03:00:00+01:00,0.68713695
2026-01-02 04:00:00+01:00,2.7653947
2026-01-02 05:00:00+01:00,4.0718412
2026-01-02 06:00:00+01:00,3.9905987
2026-01-02 07:00:00+01:00,20.004545
2026-01-02 08:00:00+01:00,29.654291
2026-01-02 09:00:00+01:00,49.22814
2026-01-02 10:00:00+01:00,41.772
2026-01-02 11:00:00+01:00,29.394949
2026-01-02 12:00:00+01:00,31.290632
2026-01-02 13:00:00+01:00,34.08222
2026-01-02 14:00:00+01:00,48.644604
2026-01-02 15:00:00+01:00,59.62761
2026-01-02 16:00:00+01:00,77.8012
2026-01-02 17:00:00+01:00,86.3057
2026-01-02 18:00:00+01:00,87.72723
2026-01-02 19:00:00+01:00,78.07294
2026-01-02 20:00:00+01:00,62.031322
2026-01-02 21:00:00+01:00,54.757286
2026-01-02 22:00:00+01:00,65.413155
2026-01-02 23:00:00+01:00,60.332882
2026-01-03 00:00:00+01:00,38.362576
2026-01-03 01:00:00+01:00,21.241375
2026-01-03 02:00:00+01:00,14.275036
2026-01-03 03:00:00+01:00,26.070988
2026-01-03 04:00:00+01:00,15.546359
2026-01-03 05:00:00+01:00,23.151262
2026-01-03 06:00:00+01:00,27.436758
2026-01-03 07:00:00+01:00,42.502647
2026-01-03 08:00:00+01:00,72.320114
2026-01-03 09:00:00+01:00,80.48815
2026-01-03 10:00:00+01:00,78.22781
2026-01-03 11:00:00+01:00,74.03788
2026-01-03 12:00:00+01:00,71.73548
2026-01-03 13:00:00+01:00,66.322525
2026-01-03 14:00:00+01:00,65.9151
2026-01-03 15:00:00+01:00,74.15846
2026-01-03 16:00:00+01:00,80.97982
2026-01-03 17:00:00+01:00,86.16271
2026-01-03 18:00:00+01:00,90.24454
2026-01-03 19:00:00+01:00,83.231514
2026-01-03 20:00:00+01:00,79.21351
2026-01-03 21:00:00+01:00,79.15448
2026-01-03 22:00:00+01:00,72.466324
2026-01-03 23:00:00+01:00,66.740234
2026-01-04 00:00:00+01:00,63.574486
2026-01-04 01:00:00+01:00,61.131622
2026-01-04 02:00:00+01:00,58.926018
2026-01-04 03:00:00+01:00,62.170498
2026-01-04 04:00:00+01:00,63.85683
2026-01-04 05:00:00+01:00,62.69609
2026-01-04 06:00:00+01:00,63.70194
2026-01-04 07:00:00+01:00,75.55638
2026-01-04 08:00:00+01:00,83.225975
2026-01-04 09:00:00+01:00,85.48523
2026-01-04 10:00:00+01:00,88.80787
2026-01-04 11:00:00+01:00,87.95237
2026-01-04 12:00:00+01:00,82.49485
2026-01-04 13:00:00+01:00,80.558174
2026-01-04 14:00:00+01:00,83.38242
2026-01-04 15:00:00+01:00,90.899925
2026-01-04 16:00:00+01:00,98.30416
2026-01-04 17:00:00+01:00,110.31629
2026-01-04 18:00:00+01:00,120.80348
2026-01-04 19:00:00+01:00,114.01638
2026-01-04 20:00:00+01:00,105.30199
2026-01-04 21:00:00+01:00,97.949196
2026-01-04 22:00:00+01:00,98.34937
2026-01-04 23:00:00+01:00,97.947945
2026-01-05 00:00:00+01:00,95.59087
2026-01-05 01:00:00+01:00,90.939186
2026-01-05 02:00:00+01:00,89.496796
2026-01-05 03:00:00+01:00,88.46937
2026-01-05 04:00:00+01:00,89.561676
2026-01-05 05:00:00+01:00,89.64358
2026-01-05 06:00:00+01:00,98.31355
2026-01-05 07:00:00+01:00,105.07852
2026-01-05 08:00:00+01:00,120.22396
2026-01-05 09:00:00+01:00,127.88897
2026-01-05 10:00:00+01:00,125.81128
2026-01-05 11:00:00+01:00,121.10802
2026-01-05 12:00:00+01:00,117.06198
2026-01-05 13:00:00+01:00,116.76898
2026-01-05 14:00:00+01:00,121.16528
2026-01-05 15:00:00+01:00,138.54387
2026-01-05 16:00:00+01:00,144.87535
2026-01-05 17:00:00+01:00,154.70778
2026-01-05 18:00:00+01:00,185.04578
2026-01-05 19:00:00+01:00,148.88864
2026-01-05 20:00:00+01:00,134.85646
2026-01-05 21:00:00+01:00,125.446465
2026-01-05 22:00:00+01:00,117.165985
2026-01-05 23:00:00+01:00,115.437515
2026-01-06 00:00:00+01:00,108.776794
2026-01-06 01:00:00+01:00,106.29643
2026-01-06 02:00:00+01:00,100.5227
2026-01-06 03:00:00+01:00,100.77238
2026-01-06 04:00:00+01:00,103.667465
2026-01-06 05:00:00+01:00,109.21211
2026-01-06 06:00:00+01:00,125.074066
2026-01-06 07:00:00+01:00,140.92693
2026-01-06 08:00:00+01:00,187.69688
2026-01-06 09:00:00+01:00,192.11324
2026-01-06 10:00:00+01:00,176.97531
2026-01-06 11:00:00+01:00,150.87201
2026-01-06 12:00:00+01:00,154.17455
2026-01-06 13:00:00+01:00,152.0215
2026-01-06 14:00:00+01:00,140.61601
2026-01-06 15:00:00+01:00,156.85898
2026-01-06 16:00:00+01:00,160.8908
2026-01-06 17:00:00+01:00,177.43085
2026-01-06 18:00:00+01:00,175.74274
2026-01-06 19:00:00+01:00,150.25014
2026-01-06 20:00:00+01:00,145.95587
2026-01-06 21:00:00+01:00,127.85883
2026-01-06 22:00:00+01:00,122.83336
2026-01-06 23:00:00+01:00,114.31982
2026-01-07 00:00:00+01:00,106.97198
2026-01-07 01:00:00+01:00,99.153435
2026-01-07 02:00:00+01:00,94.263214
2026-01-07 03:00:00+01:00,89.792404
2026-01-07 04:00:00+01:00,85.94254
2026-01-07 05:00:00+01:00,87.09975
2026-01-07 06:00:00+01:00,103.220726
2026-01-07 07:00:00+01:00,114.67548
2026-01-07 08:00:00+01:00,132.56104
2026-01-07 09:00:00+01:00,138.68979
2026-01-07 10:00:00+01:00,117.230835
2026-01-07 11:00:00+01:00,109.329735
2026-01-07 12:00:00+01:00,102.63373
2026-01-07 13:00:00+01:00,101.63544
2026-01-07 14:00:00+01:00,99.48618
2026-01-07 15:00:00+01:00,103.41205
2026-01-07 16:00:00+01:00,106.880104
2026-01-07 17:00:00+01:00,116.86295
2026-01-07 18:00:00+01:00,121.6847
2026-01-07 19:00:00+01:00,117.13726
2026-01-07 20:00:00+01:00,107.52978
2026-01-07 21:00:00+01:00,102.3073
2026-01-07 22:00:00+01:00,94.19833
2026-01-07 23:00:00+01:00,91.8149
2026-01-08 00:00:00+01:00,90.298454
2026-01-08 01:00:00+01:00,90.4423
2026-01-08 02:00:00+01:00,88.38745
2026-01-08 03:00:00+01:00,89.41002
2026-01-08 04:00:00+01:00,91.58914
2026-01-08 05:00:00+01:00,99.09219
2026-01-08 06:00:00+01:00,109.54811
2026-01-08 07:00:00+01:00,134.47469
2026-01-08 08:00:00+01:00,156.79103
2026-01-08 09:00:00+01:00,199.28696
2026-01-08 10:00:00+01:00,182.85034
2026-01-08 11:00:00+01:00,242.90144
2026-01-08 12:00:00+01:00,241.80432
2026-01-08 13:00:00+01:00,256.2602
2026-01-08 14:00:00+01:00,258.82086
2026-01-08 15:00:00+01:00,237.00157
2026-01-08 16:00:00+01:00,246.84007
2026-01-08 17:00:00+01:00,225.86313
2026-01-08 18:00:00+01:00,225.09079
2026-01-08 19:00:00+01:00,175.03217
2026-01-08 20:00:00+01:00,132.58414
2026-01-08 21:00:00+01:00,119.008064
2026-01-08 22:00:00+01:00,104.696915
2026-01-08 23:00:00+01:00,95.878784
2026-01-09 00:00:00+01:00,76.82401
2026-01-09 01:00:00+01:00,56.05032
2026-01-09 02:00:00+01:00,43.623215
2026-01-09 03:00:00+01:00,42.312386
2026-01-09 04:00:00+01:00,37.549564
2026-01-09 05:00:00+01:00,37.524902
2026-01-09 06:00:00+01:00,35.332317
2026-01-09 07:00:00+01:00,72.89322
2026-01-09 08:00:00+01:00,95.53155
2026-01-09 09:00:00+01:00,103.08202
2026-01-09 10:00:00+01:00,102.146454
2026-01-09 11:00:00+01:00,93.57814
2026-01-09 12:00:00+01:00,91.74828
2026-01-09 13:00:00+01:00,90.26457
2026-01-09 14:00:00+01:00,92.92506
2026-01-09 15:00:00+01:00,87.81569
2026-01-09 16:00:00+01:00,98.93763
2026-01-09 17:00:00+01:00,101.01974
2026-01-09 18:00:00+01:00,99.98785
2026-01-09 19:00:00+01:00,91.98292
2026-01-09 20:00:00+01:00,89.67264
2026-01-09 21:00:00+01:00,77.15856
2026-01-09 22:00:00+01:00,75.59388
2026-01-09 23:00:00+01:00,66.58628
2026-01-10 00:00:00+01:00,52.862118
2026-01-10 01:00:00+01:00,51.601475
2026-01-10 02:00:00+01:00,45.756714
2026-01-10 03:00:00+01:00,44.13721
2026-01-10 04:00:00+01:00,44.8474
2026-01-10 05:00:00+01:00,42.735695
2026-01-10 06:00:00+01:00,46.74783
2026-01-10 07:00:00+01:00,60.283546
2026-01-10 08:00:00+01:00,75.96815
2026-01-10 09:00:00+01:00,91.21534
2026-01-10 10:00:00+01:00,94.70646
2026-01-10 11:00:00+01:00,93.95394
2026-01-10 12:00:00+01:00,102.42188
2026-01-10 13:00:00+01:00,102.55516
2026-01-10 14:00:00+01:00,102.47337
2026-01-10 15:00:00+01:00,106.021034
2026-01-10 16:00:00+01:00,116.0745
2026-01-10 17:00:00+01:00,123.41739
2026-01-10 18:00:00+01:00,134.14407
2026-01-10 19:00:00+01:00,120.32122
2026-01-10 20:00:00+01:00,107.312874
2026-01-10 21:00:00+01:00,106.78627
2026-01-10 22:00:00+01:00,103.96592
2026-01-10 23:00:00+01:00,103.93276
2026-01-11 00:00:00+01:00,100.75343
2026-01-11 01:00:00+01:00,98.86192
2026-01-11 02:00:00+01:00,94.19046
2026-01-11 03:00:00+01:00,89.94571
2026-01-11 04:00:00+01:00,92.02711
2026-01-11 05:00:00+01:00,93.40941
2026-01-11 06:00:00+01:00,91.644516
2026-01-11 07:00:00+01:00,94.859406
2026-01-11 08:00:00+01:00,98.25925
2026-01-11 09:00:00+01:00,106.6268
2026-01-11 10:00:00+01:00,106.77684
2026-01-11 11:00:00+01:00,104.83879
2026-01-11 12:00:00+01:00,102.4125
2026-01-11 13:00:00+01:00,100.97413
2026-01-11 14:00:00+01:00,101.972824
2026-01-11 15:00:00+01:00,104.172485
2026-01-11 16:00:00+01:00,118.24381
2026-01-11 17:00:00+01:00,128.35036
2026-01-11 18:00:00+01:00,132.49733
2026-01-11 19:00:00+01:00,130.03668
2026-01-11 20:00:00+01:00,124.46204
2026-01-11 21:00:00+01:00,113.20445
2026-01-11 22:00:00+01:00,109.94769
2026-01-11 23:00:00+01:00,97.34257
2026-01-12 00:00:00+01:00,99.651955
2026-01-12 01:00:00+01:00,91.7739
2026-01-12 02:00:00+01:00,84.31782
2026-01-12 03:00:00+01:00,82.37641
2026-01-12 04:00:00+01:00,82.1081
2026-01-12 05:00:00+01:00,83.12022
2026-01-12 06:00:00+01:00,88.610405
2026-01-12 07:00:00+01:00,115.83117
2026-01-12 08:00:00+01:00,127.561806
2026-01-12 09:00:00+01:00,139.11388
2026-01-12 10:00:00+01:00,148.98102
2026-01-12 11:00:00+01:00,143.576
2026-01-12 12:00:00+01:00,146.6807
2026-01-12 13:00:00+01:00,146.01888
2026-01-12 14:00:00+01:00,149.45554
2026-01-12 15:00:00+01:00,145.1744
2026-01-12 16:00:00+01:00,140.2947
2026-01-12 17:00:00+01:00,144.31989
2026-01-12 18:00:00+01:00,134.90044
2026-01-12 19:00:00+01:00,132.02045
2026-01-12 20:00:00+01:00,121.71846
2026-01-12 21:00:00+01:00,112.382164
2026-01-12 22:00:00+01:00,111.10757
2026-01-12 23:00:00+01:00,102.09234
2026-01-13 00:00:00+01:00,99.76465
2026-01-13 01:00:00+01:00,96.240715
2026-01-13 02:00:00+01:00,89.741745
2026-01-13 03:00:00+01:00,89.57328
2026-01-13 04:00:00+01:00,90.340195
2026-01-13 05:00:00+01:00,92.20758
2026-01-13 06:00:00+01:00,107.73439
2026-01-13 07:00:00+01:00,118.46543
2026-01-13 08:00:00+01:00,145.6777
2026-01-13 09:00:00+01:00,161.7142
2026-01-13 10:00:00+01:00,156.7829
2026-01-13 11:00:00+01:00,136.20303
2026-01-13 12:00:00+01:00,123.022896
2026-01-13 13:00:00+01:00,130.9968
2026-01-13 14:00:00+01:00,124.03216
2026-01-13 15:00:00+01:00,135.68163
2026-01-13 16:00:00+01:00,133.63286
2026-01-13 17:00:00+01:00,135.03891
2026-01-13 18:00:00+01:00,140.90317
2026-01-13 19:00:00+01:00,123.623825
2026-01-13 20:00:00+01:00,106.60065
2026-01-13 21:00:00+01:00,95.029945
2026-01-13 22:00:00+01:00,88.205696
2026-01-13 23:00:00+01:00,76.54862
2026-01-14 00:00:00+01:00,63.35329
2026-01-14 01:00:00+01:00,62.35187
2026-01-14 02:00:00+01:00,65.70721
2026-01-14 03:00:00+01:00,66.19508
2026-01-14 04:00:00+01:00,69.15625
2026-01-14 05:00:00+01:00,73.78708
2026-01-14 06:00:00+01:00,82.98563
2026-01-14 07:00:00+01:00,92.904
2026-01-14 08:00:00+01:00,113.97908
2026-01-14 09:00:00+01:00,125.2804
2026-01-14 10:00:00+01:00,122.189476
2026-01-14 11:00:00+01:00,107.16478
2026-01-14 12:00:00+01:00,110.39187
2026-01-14 13:00:00+01:00,111.15728
2026-01-14 14:00:00+01:00,117.21635
2026-01-14 15:00:00+01:00,123.375336
2026-01-14 16:00:00+01:00,143.23721
2026-01-14 17:00:00+01:00,188.34044
2026-01-14 18:00:00+01:00,233.01253
2026-01-14 19:00:00+01:00,170.5837
2026-01-14 20:00:00+01:00,146.32298
2026-01-14 21:00:00+01:00,134.69324
2026-01-14 22:00:00+01:00,120.97458
2026-01-14 23:00:00+01:00,106.322525
2026-01-15 00:00:00+01:00,98.13728
2026-01-15 01:00:00+01:00,93.78084
2026-01-15 02:00:00+01:00,89.79877
2026-01-15 03:00:00+01:00,86.395424
2026-01-15 04:00:00+01:00,85.9189
2026-01-15 05:00:00+01:00,87.08794
2026-01-15 06:00:00+01:00,91.117195
2026-01-15 07:00:00+01:00,101.72629
2026-01-15 08:00:00+01:00,130.2452
2026-01-15 09:00:00+01:00,141.06906
2026-01-15 10:00:00+01:00,121.064514
2026-01-15 11:00:00+01:00,97.688484
2026-01-15 12:00:00+01:00,94.85712
2026-01-15 13:00:00+01:00,95.50016
2026-01-15 14:00:00+01:00,91.68915
2026-01-15 15:00:00+01:00,116.849266
2026-01-15 16:00:00+01:00,133.77315
2026-01-15 17:00:00+01:00,167.91917
2026-01-15 18:00:00+01:00,168.23999
2026-01-15 19:00:00+01:00,139.84448
2026-01-15 20:00:00+01:00,121.93139
2026-01-15 21:00:00+01:00,104.33941
2026-01-15 22:00:00+01:00,92.4214
2026-01-15 23:00:00+01:00,76.80985
2026-01-16 00:00:00+01:00,55.847427
2026-01-16 01:00:00+01:00,58.25809
2026-01-16 02:00:00+01:00,52.143726
2026-01-16 03:00:00+01:00,50.5067
2026-01-16 04:00:00+01:00,51.704308
2026-01-16 05:00:00+01:00,56.203274
2026-01-16 06:00:00+01:00,75.14312
2026-01-16 07:00:00+01:00,89.528984
2026-01-16 08:00:00+01:00,100.51225
2026-01-16 09:00:00+01:00,100.52859
2026-01-16 10:00:00+01:00,93.96054
2026-01-16 11:00:00+01:00,84.89667
2026-01-16 12:00:00+01:00,83.876396
2026-01-16 13:00:00+01:00,90.12462
2026-01-16 14:00:00+01:00,96.93027
2026-01-16 15:00:00+01:00,109.52907
2026-01-16 16:00:00+01:00,143.35883
2026-01-16 17:00:00+01:00,169.80292
2026-01-16 18:00:00+01:00,159.1388
2026-01-16 19:00:00+01:00,238.51604
2026-01-16 20:00:00+01:00,136.8694
2026-01-16 21:00:00+01:00,112.711006
2026-01-16 22:00:00+01:00,103.19112
2026-01-16 23:00:00+01:00,98.24089
2026-01-17 00:00:00+01:00,101.942345
2026-01-17 01:00:00+01:00,92.79724
2026-01-17 02:00:00+01:00,90.01787
2026-01-17 03:00:00+01:00,89.533905
2026-01-17 04:00:00+01:00,89.44161
2026-01-17 05:00:00+01:00,89.51723
2026-01-17 06:00:00+01:00,93.6438
2026-01-17 07:00:00+01:00,98.47204
2026-01-17 08:00:00+01:00,105.43436
2026-01-17 09:00:00+01:00,117.71323
2026-01-17 10:00:00+01:00,108.48625
2026-01-17 11:00:00+01:00,102.9108
2026-01-17 12:00:00+01:00,101.204155
2026-01-17 13:00:00+01:00,101.100235
2026-01-17 14:00:00+01:00,108.87929
2026-01-17 15:00:00+01:00,120.25065
2026-01-17 16:00:00+01:00,129.11975
2026-01-17 17:00:00+01:00,145.3297
2026-01-17 18:00:00+01:00,148.37766
2026-01-17 19:00:00+01:00,134.74951
2026-01-17 20:00:00+01:00,131.26015
2026-01-17 21:00:00+01:00,119.16393
2026-01-17 22:00:00+01:00,119.51453
2026-01-17 23:00:00+01:00,108.75289
2026-01-18 00:00:00+01:00,109.83891
2026-01-18 01:00:00+01:00,98.078995
2026-01-18 02:00:00+01:00,94.32823
2026-01-18 03:00:00+01:00,90.61516
2026-01-18 04:00:00+01:00,90.207306
2026-01-18 05:00:00+01:00,90.43446
2026-01-18 06:00:00+01:00,91.62141
2026-01-18 07:00:00+01:00,92.30118
2026-01-18 08:00:00+01:00,97.55369
2026-01-18 09:00:00+01:00,110.93918
2026-01-18 10:00:00+01:00,106.117
2026-01-18 11:00:00+01:00,101.1284
2026-01-18 12:00:00+01:00,102.83491
2026-01-18 13:00:00+01:00,97.38604
2026-01-18 14:00:00+01:00,93.66433
2026-01-18 15:00:00+01:00,104.311325
2026-01-18 16:00:00+01:00,117.234764
2026-01-18 17:00:00+01:00,127.90042
2026-01-18 18:00:00+01:00,130.64105
2026-01-18 19:00:00+01:00,128.17168
2026-01-18 20:00:00+01:00,119.673996
2026-01-18 21:00:00+01:00,107.44392
2026-01-18 22:00:00+01:00,101.82075
2026-01-18 23:00:00+01:00,104.8027
2026-01-19 00:00:00+01:00,104.4202
2026-01-19 01:00:00+01:00,99.29659
2026-01-19 02:00:00+01:00,94.86286
2026-01-19 03:00:00+01:00,91.64085
2026-01-19 04:00:00+01:00,92.96356
2026-01-19 05:00:00+01:00,98.24504
2026-01-19 06:00:00+01:00,104.022606
2026-01-19 07:00:00+01:00,121.26023
2026-01-19 08:00:00+01:00,146.94273
2026-01-19 09:00:00+01:00,130.9143
2026-01-19 10:00:00+01:00,119.082016
2026-01-19 11:00:00+01:00,99.619446
2026-01-19 12:00:00+01:00,97.14085
2026-01-19 13:00:00+01:00,96.3681
2026-01-19 14:00:00+01:00,103.28082
2026-01-19 15:00:00+01:00,123.33865
2026-01-19 16:00:00+01:00,134.83102
2026-01-19 17:00:00+01:00,141.82603
2026-01-19 18:00:00+01:00,142.19046
2026-01-19 19:00:00+01:00,141.10262
2026-01-19 20:00:00+01:00,128.35835
2026-01-19 21:00:00+01:00,122.00268
2026-01-19 22:00:00+01:00,119.079865
2026-01-19 23:00:00+01:00,107.63927
2026-01-20 00:00:00+01:00,106.85488
2026-01-20 01:00:00+01:00,102.64925
2026-01-20 02:00:00+01:00,104.02609
2026-01-20 03:00:00+01:00,103.70262
2026-01-20 04:00:00+01:00,103.61258
2026-01-20 05:00:00+01:00,105.70692
2026-01-20 06:00:00+01:00,129.94962
2026-01-20 07:00:00+01:00,164.23367
2026-01-20 08:00:00+01:00,212.04176
2026-01-20 09:00:00+01:00,186.70029
2026-01-20 10:00:00+01:00,156.66998
2026-01-20 11:00:00+01:00,132.55035
2026-01-20 12:00:00+01:00,111.48792
2026-01-20 13:00:00+01:00,114.19516
2026-01-20 14:00:00+01:00,125.178154
2026-01-20 15:00:00+01:00,148.92967
2026-01-20 16:00:00+01:00,171.18982
2026-01-20 17:00:00+01:00,198.78401
2026-01-20 18:00:00+01:00,170.6196
2026-01-20 19:00:00+01:00,155.1352
2026-01-20 20:00:00+01:00,148.1083
2026-01-20 21:00:00+01:00,136.8466
2026-01-20 22:00:00+01:00,130.37514
2026-01-20 23:00:00+01:00,120.330154
2026-01-21 00:00:00+01:00,110.489365
2026-01-21 01:00:00+01:00,110.03874
2026-01-21 02:00:00+01:00,104.36335
2026-01-21 03:00:00+01:00,102.974075
2026-01-21 04:00:00+01:00,102.525856
2026-01-21 05:00:00+01:00,114.010315
2026-01-21 06:00:00+01:00,128.37062
2026-01-21 07:00:00+01:00,148.20749
2026-01-21 08:00:00+01:00,168.17416
2026-01-21 09:00:00+01:00,171.95148
2026-01-21 10:00:00+01:00,134.68674
2026-01-21 11:00:00+01:00,109.146454
2026-01-21 12:00:00+01:00,96.576515
2026-01-21 13:00:00+01:00,97.06602
2026-01-21 14:00:00+01:00,98.352585
2026-01-21 15:00:00+01:00,133.45856
2026-01-21 16:00:00+01:00,148.08704
2026-01-21 17:00:00+01:00,167.49564
2026-01-21 18:00:00+01:00,179.70497
2026-01-21 19:00:00+01:00,173.24234
2026-01-21 20:00:00+01:00,137.95055
2026-01-21 21:00:00+01:00,131.84647
2026-01-21 22:00:00+01:00,123.34992
2026-01-21 23:00:00+01:00,111.09313
2026-01-22 00:00:00+01:00,101.3168
2026-01-22 01:00:00+01:00,96.11223
2026-01-22 02:00:00+01:00,89.579155
2026-01-22 03:00:00+01:00,92.23924
2026-01-22 04:00:00+01:00,90.003815
2026-01-22 05:00:00+01:00,92.98683
2026-01-22 06:00:00+01:00,107.719246
2026-01-22 07:00:00+01:00,142.50876
2026-01-22 08:00:00+01:00,161.891
2026-01-22 09:00:00+01:00,152.43968
2026-01-22 10:00:00+01:00,119.59477
2026-01-22 11:00:00+01:00,97.926605
2026-01-22 12:00:00+01:00,93.60229
2026-01-22 13:00:00+01:00,90.80715
2026-01-22 14:00:00+01:00,95.32906
2026-01-22 15:00:00+01:00,104.240906
2026-01-22 16:00:00+01:00,139.88083
2026-01-22 17:00:00+01:00,143.71703
2026-01-22 18:00:00+01:00,150.00781
2026-01-22 19:00:00+01:00,135.06714
2026-01-22 20:00:00+01:00,117.39841
2026-01-22 21:00:00+01:00,109.48517
2026-01-22 22:00:00+01:00,109.66043
2026-01-22 23:00:00+01:00,102.38509
2026-01-23 00:00:00+01:00,96.02487
2026-01-23 01:00:00+01:00,93.007576
2026-01-23 02:00:00+01:00,90.3073
2026-01-23 03:00:00+01:00,87.25088
2026-01-23 04:00:00+01:00,89.58514
2026-01-23 05:00:00+01:00,90.49959
2026-01-23 06:00:00+01:00,94.00973
2026-01-23 07:00:00+01:00,122.2312
2026-01-23 08:00:00+01:00,144.47092
2026-01-23 09:00:00+01:00,137.90295
2026-01-23 10:00:00+01:00,107.18616
2026-01-23 11:00:00+01:00,93.29431
2026-01-23 12:00:00+01:00,84.14715
2026-01-23 13:00:00+01:00,81.978355
2026-01-23 14:00:00+01:00,88.64173
2026-01-23 15:00:00+01:00,97.53531
2026-01-23 16:00:00+01:00,112.127655
2026-01-23 17:00:00+01:00,132.33975
2026-01-23 18:00:00+01:00,134.40828
2026-01-23 19:00:00+01:00,125.302574
2026-01-23 20:00:00+01:00,115.628555
2026-01-23 21:00:00+01:00,109.49775
2026-01-23 22:00:00+01:00,100.52534
2026-01-23 23:00:00+01:00,96.28648
2026-01-24 00:00:00+01:00,92.83815
2026-01-24 01:00:00+01:00,90.08587
2026-01-24 02:00:00+01:00,88.350174
2026-01-24 03:00:00+01:00,87.70704
2026-01-24 04:00:00+01:00,91.35354
2026-01-24 05:00:00+01:00,92.08165
2026-01-24 06:00:00+01:00,93.16529
2026-01-24 07:00:00+01:00,104.906364
2026-01-24 08:00:00+01:00,120.999725
2026-01-24 09:00:00+01:00,131.11572
2026-01-24 10:00:00+01:00,122.95999
2026-01-24 11:00:00+01:00,100.30257
2026-01-24 12:00:00+01:00,97.539024
2026-01-24 13:00:00+01:00,97.59005
2026-01-24 14:00:00+01:00,97.95075
2026-01-24 15:00:00+01:00,108.17587
2026-01-24 16:00:00+01:00,117.678314
2026-01-24 17:00:00+01:00,129.52861
2026-01-24 18:00:00+01:00,132.2475
2026-01-24 19:00:00+01:00,128.78468
2026-01-24 20:00:00+01:00,122.36838
2026-01-24 21:00:00+01:00,111.02886
2026-01-24 22:00:00+01:00,111.31993
2026-01-24 23:00:00+01:00,108.46004
2026-01-25 00:00:00+01:00,107.850006
2026-01-25 01:00:00+01:00,103.81155
2026-01-25 02:00:00+01:00,100.16235
2026-01-25 03:00:00+01:00,94.76054
2026-01-25 04:00:00+01:00,95.96252
2026-01-25 05:00:00+01:00,94.96475
2026-01-25 06:00:00+01:00,95.05352
2026-01-25 07:00:00+01:00,96.68236
2026-01-25 08:00:00+01:00,103.6975
2026-01-25 09:00:00+01:00,121.69777
2026-01-25 10:00:00+01:00,119.256035
2026-01-25 11:00:00+01:00,108.01426
2026-01-25 12:00:00+01:00,103.40819
2026-01-25 13:00:00+01:00,99.136475
2026-01-25 14:00:00+01:00,99.39028
2026-01-25 15:00:00+01:00,101.530174
2026-01-25 16:00:00+01:00,116.710915
2026-01-25 17:00:00+01:00,127.94916
2026-01-25 18:00:00+01:00,135.54855
2026-01-25 19:00:00+01:00,133.57896
2026-01-25 20:00:00+01:00,124.84571
2026-01-25 21:00:00+01:00,115.333626
2026-01-25 22:00:00+01:00,114.27781
2026-01-25 23:00:00+01:00,109.82447
2026-01-26 00:00:00+01:00,99.17038
2026-01-26 01:00:00+01:00,97.88611
2026-01-26 02:00:00+01:00,96.66484
2026-01-26 03:00:00+01:00,96.28986
2026-01-26 04:00:00+01:00,95.615555
2026-01-26 05:00:00+01:00,96.2271
2026-01-26 06:00:00+01:00,107.966705
2026-01-26 07:00:00+01:00,129.87387
2026-01-26 08:00:00+01:00,145.2741
2026-01-26 09:00:00+01:00,160.7615
2026-01-26 10:00:00+01:00,155.61874
2026-01-26 11:00:00+01:00,142.9296
2026-01-26 12:00:00+01:00,139.31062
2026-01-26 13:00:00+01:00,138.84372
2026-01-26 14:00:00+01:00,137.03407
2026-01-26 15:00:00+01:00,146.39203
2026-01-26 16:00:00+01:00,143.58311
2026-01-26 17:00:00+01:00,166.95737
2026-01-26 18:00:00+01:00,183.9755
2026-01-26 19:00:00+01:00,181.36253
2026-01-26 20:00:00+01:00,151.36897
2026-01-26 21:00:00+01:00,142.99692
2026-01-26 22:00:00+01:00,137.04648
2026-01-26 23:00:00+01:00,118.755806
2026-01-27 00:00:00+01:00,115.63764
2026-01-27 01:00:00+01:00,115.96659
2026-01-27 02:00:00+01:00,113.34796
2026-01-27 03:00:00+01:00,112.56352
2026-01-27 04:00:00+01:00,113.51407
2026-01-27 05:00:00+01:00,115.61754
2026-01-27 06:00:00+01:00,131.48358
2026-01-27 07:00:00+01:00,182.49315
2026-01-27 08:00:00+01:00,209.65367
2026-01-27 09:00:00+01:00,211.18881
2026-01-27 10:00:00+01:00,172.55598
2026-01-27 11:00:00+01:00,145.91133
2026-01-27 12:00:00+01:00,140.92093
2026-01-27 13:00:00+01:00,131.89868
2026-01-27 14:00:00+01:00,126.69054
2026-01-27 15:00:00+01:00,136.61067
2026-01-27 16:00:00+01:00,143.03252
2026-01-27 17:00:00+01:00,144.77051
2026-01-27 18:00:00+01:00,156.68658
2026-01-27 19:00:00+01:00,155.94055
2026-01-27 20:00:00+01:00,140.42679
2026-01-27 21:00:00+01:00,138.63454
2026-01-27 22:00:00+01:00,127.367096
2026-01-27 23:00:00+01:00,117.02778
2026-01-28 00:00:00+01:00,109.845604
2026-01-28 01:00:00+01:00,107.58862
2026-01-28 02:00:00+01:00,104.06887
2026-01-28 03:00:00+01:00,103.91476
2026-01-28 04:00:00+01:00,101.126884
2026-01-28 05:00:00+01:00,101.13692
2026-01-28 06:00:00+01:00,114.4689
2026-01-28 07:00:00+01:00,144.91254
2026-01-28 08:00:00+01:00,180.59488
2026-01-28 09:00:00+01:00,168.80977
2026-01-28 10:00:00+01:00,158.75105
2026-01-28 11:00:00+01:00,130.93799
2026-01-28 12:00:00+01:00,123.992226
2026-01-28 13:00:00+01:00,116.13138
2026-01-28 14:00:00+01:00,122.388405
2026-01-28 15:00:00+01:00,135.72334
2026-01-28 16:00:00+01:00,147.67029
2026-01-28 17:00:00+01:00,145.6049
2026-01-28 18:00:00+01:00,143.46927
2026-01-28 19:00:00+01:00,142.69316
2026-01-28 20:00:00+01:00,128.15755
2026-01-28 21:00:00+01:00,117.945045
2026-01-28 22:00:00+01:00,115.06004
2026-01-28 23:00:00+01:00,106.14774
2026-01-29 00:00:00+01:00,101.819695
2026-01-29 01:00:00+01:00,96.89101
2026-01-29 02:00:00+01:00,95.601135
2026-01-29 03:00:00+01:00,94.48041
2026-01-29 04:00:00+01:00,98.08606
2026-01-29 05:00:00+01:00,98.664406
2026-01-29 06:00:00+01:00,105.45111
2026-01-29 07:00:00+01:00,132.53317
2026-01-29 08:00:00+01:00,159.83401
2026-01-29 09:00:00+01:00,164.50737
2026-01-29 10:00:00+01:00,154.77429
2026-01-29 11:00:00+01:00,148.38268
2026-01-29 12:00:00+01:00,148.89278
2026-01-29 13:00:00+01:00,145.14505
2026-01-29 14:00:00+01:00,143.92076
2026-01-29 15:00:00+01:00,147.0939
2026-01-29 16:00:00+01:00,145.01282
2026-01-29 17:00:00+01:00,156.22433
2026-01-29 18:00:00+01:00,164.86958
2026-01-29 19:00:00+01:00,162.40022
2026-01-29 20:00:00+01:00,141.39964
2026-01-29 21:00:00+01:00,132.06354
2026-01-29 22:00:00+01:00,119.85699
2026-01-29 23:00:00+01:00,114.362564
2026-01-30 00:00:00+01:00,104.271645
2026-01-30 01:00:00+01:00,99.61955
2026-01-30 02:00:00+01:00,99.677956
2026-01-30 03:00:00+01:00,96.87789
2026-01-30 04:00:00+01:00,96.23561
2026-01-30 05:00:00+01:00,103.31117
2026-01-30 06:00:00+01:00,109.79141
2026-01-30 07:00:00+01:00,128.18262
2026-01-30 08:00:00+01:00,162.07599
2026-01-30 09:00:00+01:00,171.81956
2026-01-30 10:00:00+01:00,160.40768
2026-01-30 11:00:00+01:00,140.41025
2026-01-30 12:00:00+01:00,127.086464
2026-01-30 13:00:00+01:00,125.51687
2026-01-30 14:00:00+01:00,119.905556
2026-01-30 15:00:00+01:00,132.08025
2026-01-30 16:00:00+01:00,132.75677
2026-01-30 17:00:00+01:00,134.56992
2026-01-30 18:00:00+01:00,140.81837
2026-01-30 19:00:00+01:00,133.0315
2026-01-30 20:00:00+01:00,123.7238
2026-01-30 21:00:00+01:00,107.21045
2026-01-30 22:00:00+01:00,101.092026
2026-01-30 23:00:00+01:00,97.85854
2026-01-31 00:00:00+01:00,97.23084
2026-01-31 01:00:00+01:00,88.78198
2026-01-31 02:00:00+01:00,83.97379
2026-01-31 03:00:00+01:00,80.140976
2026-01-31 04:00:00+01:00,79.91225
2026-01-31 05:00:00+01:00,79.91225
2026-01-31 06:00:00+01:00,76.607124
2026-01-31 07:00:00+01:00,84.80651
2026-01-31 08:00:00+01:00,101.57121
2026-01-31 09:00:00+01:00,108.26292
2026-01-31 10:00:00+01:00,109.543526
2026-01-31 11:00:00+01:00,104.80013
2026-01-31 12:00:00+01:00,104.92297
2026-01-31 13:00:00+01:00,101.407845
2026-01-31 14:00:00+01:00,99.90084
2026-01-31 15:00:00+01:00,97.170364
2026-01-31 16:00:00+01:00,108.00759
2026-01-31 17:00:00+01:00,120.76852
2026-01-31 18:00:00+01:00,128.58818
2026-01-31 19:00:00+01:00,120.97293
2026-01-31 20:00:00+01:00,113.57628
2026-01-31 21:00:00+01:00,106.919464
2026-01-31 22:00:00+01:00,103.65521
2026-01-31 23:00:00+01:00,98.385735
2026-02-01 00:00:00+01:00,97.9175
2026-02-01 01:00:00+01:00,88.5364
2026-02-01 02:00:00+01:00,86.65442
2026-02-01 03:00:00+01:00,82.04368
2026-02-01 04:00:00+01:00,82.77662
2026-02-01 05:00:00+01:00,87.39062
2026-02-01 06:00:00+01:00,85.121605
2026-02-01 07:00:00+01:00,90.61414
2026-02-01 08:00:00+01:00,96.200836
2026-02-01 09:00:00+01:00,101.99363
2026-02-01 10:00:00+01:00,106.93983
2026-02-01 11:00:00+01:00,107.88541
2026-02-01 12:00:00+01:00,106.55317
2026-02-01 13:00:00+01:00,98.364716
2026-02-01 14:00:00+01:00,95.4755
2026-02-01 15:00:00+01:00,95.86706
2026-02-01 16:00:00+01:00,99.36877
2026-02-01 17:00:00+01:00,113.352875
2026-02-01 18:00:00+01:00,122.90444
2026-02-01 19:00:00+01:00,117.255264
2026-02-01 20:00:00+01:00,111.81089
2026-02-01 21:00:00+01:00,104.78451
2026-02-01 22:00:00+01:00,104.20001
2026-02-01 23:00:00+01:00,95.06754
2026-02-02 00:00:00+01:00,80.14629
2026-02-02 01:00:00+01:00,70.4394
2026-02-02 02:00:00+01:00,67.06284
2026-02-02 03:00:00+01:00,68.11021
2026-02-02 04:00:00+01:00,70.19627
2026-02-02 05:00:00+01:00,75.84881
2026-02-02 06:00:00+01:00,87.11842
2026-02-02 07:00:00+01:00,100.56076
2026-02-02 08:00:00+01:00,118.39943
2026-02-02 09:00:00+01:00,111.1046
2026-02-02 10:00:00+01:00,109.258804
2026-02-02 11:00:00+01:00,93.86019
2026-02-02 12:00:00+01:00,101.96335
2026-02-02 13:00:00+01:00,94.86993
2026-02-02 14:00:00+01:00,95.22022
2026-02-02 15:00:00+01:00,98.20604
2026-02-02 16:00:00+01:00,102.70206
2026-02-02 17:00:00+01:00,113.98659
2026-02-02 18:00:00+01:00,126.687195
2026-02-02 19:00:00+01:00,124.637184
2026-02-02 20:00:00+01:00,110.29912
2026-02-02 21:00:00+01:00,107.021225
2026-02-02 22:00:00+01:00,99.36156
2026-02-02 23:00:00+01:00,86.75718
2026-02-03 00:00:00+01:00,78.87205
2026-02-03 01:00:00+01:00,65.19568
2026-02-03 02:00:00+01:00,54.38333
2026-02-03 03:00:00+01:00,51.672768
2026-02-03 04:00:00+01:00,50.756832
2026-02-03 05:00:00+01:00,56.799488
2026-02-03 06:00:00+01:00,76.19819
2026-02-03 07:00:00+01:00,96.766556
2026-02-03 08:00:00+01:00,110.2863
2026-02-03 09:00:00+01:00,110.67337
2026-02-03 10:00:00+01:00,100.38839
2026-02-03 11:00:00+01:00,100.00936
2026-02-03 12:00:00+01:00,96.75339
2026-02-03 13:00:00+01:00,91.40323
2026-02-03 14:00:00+01:00,88.620575
2026-02-03 15:00:00+01:00,94.33503
2026-02-03 16:00:00+01:00,103.25675
2026-02-03 17:00:00+01:00,100.072334
2026-02-03 18:00:00+01:00,116.865074
2026-02-03 19:00:00+01:00,105.05077
2026-02-03 20:00:00+01:00,101.49222
2026-02-03 21:00:00+01:00,99.1646
2026-02-03 22:00:00+01:00,99.03138
2026-02-03 23:00:00+01:00,91.88014
2026-02-04 00:00:00+01:00,89.581726
2026-02-04 01:00:00+01:00,89.293655
2026-02-04 02:00:00+01:00,87.18165
2026-02-04 03:00:00+01:00,84.91873
2026-02-04 04:00:00+01:00,87.02672
2026-02-04 05:00:00+01:00,91.27492
2026-02-04 06:00:00+01:00,99.63533
2026-02-04 07:00:00+01:00,123.12909
2026-02-04 08:00:00+01:00,136.43884
2026-02-04 09:00:00+01:00,137.0677
2026-02-04 10:00:00+01:00,121.99808
2026-02-04 11:00:00+01:00,99.99787
2026-02-04 12:00:00+01:00,100.56621
2026-02-04 13:00:00+01:00,101.3816
2026-02-04 14:00:00+01:00,105.30851
2026-02-04 15:00:00+01:00,119.73342
2026-02-04 16:00:00+01:00,120.45819
2026-02-04 17:00:00+01:00,123.999115
2026-02-04 18:00:00+01:00,141.19821
2026-02-04 19:00:00+01:00,131.77737
2026-02-04 20:00:00+01:00,125.56697
2026-02-04 21:00:00+01:00,107.7386
2026-02-04 22:00:00+01:00,104.648026
2026-02-04 23:00:00+01:00,95.46669
2026-02-05 00:00:00+01:00,89.83145
2026-02-05 01:00:00+01:00,88.338234
2026-02-05 02:00:00+01:00,87.28793
2026-02-05 03:00:00+01:00,90.76014
2026-02-05 04:00:00+01:00,91.65808
2026-02-05 05:00:00+01:00,95.85434
2026-02-05 06:00:00+01:00,102.925385
2026-02-05 07:00:00+01:00,126.39387
2026-02-05 08:00:00+01:00,164.04874
2026-02-05 09:00:00+01:00,170.48659
2026-02-05 10:00:00+01:00,151.37386
2026-02-05 11:00:00+01:00,128.09908
2026-02-05 12:00:00+01:00,128.02522
2026-02-05 13:00:00+01:00,118.173904
2026-02-05 14:00:00+01:00,120.70586
2026-02-05 15:00:00+01:00,123.19863
2026-02-05 16:00:00+01:00,132.60884
2026-02-05 17:00:00+01:00,148.4581
2026-02-05 18:00:00+01:00,152.8607
2026-02-05 19:00:00+01:00,147.80981
2026-02-05 20:00:00+01:00,140.4942
2026-02-05 21:00:00+01:00,127.54955
2026-02-05 22:00:00+01:00,120.53339
2026-02-05 23:00:00+01:00,112.805046
2026-02-06 00:00:00+01:00,112.96017
2026-02-06 01:00:00+01:00,104.81214
2026-02-06 02:00:00+01:00,98.638306
2026-02-06 03:00:00+01:00,99.249306
2026-02-06 04:00:00+01:00,101.2168
2026-02-06 05:00:00+01:00,103.34937
2026-02-06 06:00:00+01:00,124.83012
2026-02-06 07:00:00+01:00,165.39427
2026-02-06 08:00:00+01:00,212.0194
2026-02-06 09:00:00+01:00,188.71243
2026-02-06 10:00:00+01:00,185.55168
2026-02-06 11:00:00+01:00,148.8145
2026-02-06 12:00:00+01:00,145.74207
2026-02-06 13:00:00+01:00,141.43376
2026-02-06 14:00:00+01:00,136.87462
2026-02-06 15:00:00+01:00,141.82545
2026-02-06 16:00:00+01:00,148.75119
2026-02-06 17:00:00+01:00,184.56416
2026-02-06 18:00:00+01:00,173.97694
2026-02-06 19:00:00+01:00,147.12787
2026-02-06 20:00:00+01:00,139.1472
2026-02-06 21:00:00+01:00,121.07602
2026-02-06 22:00:00+01:00,113.312546
2026-02-06 23:00:00+01:00,109.21009
2026-02-07 00:00:00+01:00,111.2627
2026-02-07 01:00:00+01:00,102.62766
2026-02-07 02:00:00+01:00,97.25196
2026-02-07 03:00:00+01:00,95.94169
2026-02-07 04:00:00+01:00,96.33527
2026-02-07 05:00:00+01:00,100.09951
2026-02-07 06:00:00+01:00,102.08561
2026-02-07 07:00:00+01:00,120.33536
2026-02-07 08:00:00+01:00,130.67696
2026-02-07 09:00:00+01:00,133.70222
2026-02-07 10:00:00+01:00,134.43965
2026-02-07 11:00:00+01:00,128.01825
2026-02-07 12:00:00+01:00,127.93175
2026-02-07 13:00:00+01:00,125.09056
2026-02-07 14:00:00+01:00,118.929634
2026-02-07 15:00:00+01:00,121.90417
2026-02-07 16:00:00+01:00,126.35536
2026-02-07 17:00:00+01:00,164.93752
2026-02-07 18:00:00+01:00,150.58406
2026-02-07 19:00:00+01:00,148.45212
2026-02-07 20:00:00+01:00,128.89844
2026-02-07 21:00:00+01:00,119.64143
2026-02-07 22:00:00+01:00,115.60826
2026-02-07 23:00:00+01:00,112.44675
2026-02-08 00:00:00+01:00,103.28231
2026-02-08 01:00:00+01:00,98.21428
2026-02-08 02:00:00+01:00,97.539024
2026-02-08 03:00:00+01:00,93.87325
2026-02-08 04:00:00+01:00,93.86893
2026-02-08 05:00:00+01:00,93.83555
2026-02-08 06:00:00+01:00,91.27036
2026-02-08 07:00:00+01:00,98.46122
2026-02-08 08:00:00+01:00,105.826416
2026-02-08 09:00:00+01:00,117.7871
2026-02-08 10:00:00+01:00,113.26914
2026-02-08 11:00:00+01:00,103.558266
2026-02-08 12:00:00+01:00,103.56526
2026-02-08 13:00:00+01:00,93.824326
2026-02-08 14:00:00+01:00,94.78978
2026-02-08 15:00:00+01:00,98.335144
2026-02-08 16:00:00+01:00,107.63919
2026-02-08 17:00:00+01:00,130.06761
2026-02-08 18:00:00+01:00,134.92773
2026-02-08 19:00:00+01:00,128.94382
2026-02-08 20:00:00+01:00,125.72519
2026-02-08 21:00:00+01:00,115.25862
2026-02-08 22:00:00+01:00,114.59997
2026-02-08 23:00:00+01:00,109.60892
2026-02-09 00:00:00+01:00,104.52781
2026-02-09 01:00:00+01:00,100.903366
2026-02-09 02:00:00+01:00,99.38525
2026-02-09 03:00:00+01:00,97.53974
2026-02-09 04:00:00+01:00,98.66709
2026-02-09 05:00:00+01:00,101.92929
2026-02-09 06:00:00+01:00,116.87872
2026-02-09 07:00:00+01:00,142.8931
2026-02-09 08:00:00+01:00,192.8339
2026-02-09 09:00:00+01:00,178.25374
2026-02-09 10:00:00+01:00,158.70831
2026-02-09 11:00:00+01:00,134.93282
2026-02-09 12:00:00+01:00,122.062096
2026-02-09 13:00:00+01:00,120.66625
2026-02-09 14:00:00+01:00,131.17493
2026-02-09 15:00:00+01:00,134.2256
2026-02-09 16:00:00+01:00,154.26794
2026-02-09 17:00:00+01:00,195.81578
2026-02-09 18:00:00+01:00,164.68924
2026-02-09 19:00:00+01:00,147.40594
2026-02-09 20:00:00+01:00,135.56549
2026-02-09 21:00:00+01:00,132.50401
2026-02-09 22:00:00+01:00,121.52093
2026-02-09 23:00:00+01:00,109.73417
2026-02-10 00:00:00+01:00,104.86399
2026-02-10 01:00:00+01:00,99.92933
2026-02-10 02:00:00+01:00,99.59405
2026-02-10 03:00:00+01:00,99.6236
2026-02-10 04:00:00+01:00,99.94779
2026-02-10 05:00:00+01:00,100.3938
2026-02-10 06:00:00+01:00,110.88351
2026-02-10 07:00:00+01:00,137.0192
2026-02-10 08:00:00+01:00,157.38614
2026-02-10 09:00:00+01:00,155.59514
2026-02-10 10:00:00+01:00,137.16367
2026-02-10 11:00:00+01:00,129.51408
2026-02-10 12:00:00+01:00,119.54281
2026-02-10 13:00:00+01:00,118.009865
2026-02-10 14:00:00+01:00,112.89307
2026-02-10 15:00:00+01:00,128.54
2026-02-10 16:00:00+01:00,136.47221
2026-02-10 17:00:00+01:00,148.7187
2026-02-10 18:00:00+01:00,152.38269
2026-02-10 19:00:00+01:00,140.2377
2026-02-10 20:00:00+01:00,132.36797
2026-02-10 21:00:00+01:00,130.41159
2026-02-10 22:00:00+01:00,118.778404
2026-02-10 23:00:00+01:00,108.63527
2026-02-11 00:00:00+01:00,101.62428
2026-02-11 01:00:00+01:00,98.21253
2026-02-11 02:00:00+01:00,98.11521
2026-02-11 03:00:00+01:00,97.49288
2026-02-11 04:00:00+01:00,97.28611
2026-02-11 05:00:00+01:00,101.71467
2026-02-11 06:00:00+01:00,107.9084
2026-02-11 07:00:00+01:00,128.39667
2026-02-11 08:00:00+01:00,153.75766
2026-02-11 09:00:00+01:00,152.6706
2026-02-11 10:00:00+01:00,135.70201
2026-02-11 11:00:00+01:00,124.03919
2026-02-11 12:00:00+01:00,111.84246
2026-02-11 13:00:00+01:00,109.714745
2026-02-11 14:00:00+01:00,109.5846
2026-02-11 15:00:00+01:00,120.576
2026-02-11 16:00:00+01:00,122.073326
2026-02-11 17:00:00+01:00,129.83313
2026-02-11 18:00:00+01:00,137.18446
2026-02-11 19:00:00+01:00,132.8218
2026-02-11 20:00:00+01:00,123.27953
2026-02-11 21:00:00+01:00,106.50399
2026-02-11 22:00:00+01:00,101.111565
2026-02-11 23:00:00+01:00,97.02847
2026-02-12 00:00:00+01:00,84.961296
2026-02-12 01:00:00+01:00,82.77767
2026-02-12 02:00:00+01:00,79.126656
2026-02-12 03:00:00+01:00,78.24489
2026-02-12 04:00:00+01:00,79.0891
2026-02-12 05:00:00+01:00,83.61439
2026-02-12 06:00:00+01:00,90.484886
2026-02-12 07:00:00+01:00,112.861786
2026-02-12 08:00:00+01:00,136.61766
2026-02-12 09:00:00+01:00,126.16028
2026-02-12 10:00:00+01:00,113.459595
2026-02-12 11:00:00+01:00,109.244125
2026-02-12 12:00:00+01:00,106.443565
2026-02-12 13:00:00+01:00,104.17325
2026-02-12 14:00:00+01:00,100.75583
2026-02-12 15:00:00+01:00,106.999405
2026-02-12 16:00:00+01:00,112.36328
2026-02-12 17:00:00+01:00,119.35072
2026-02-12 18:00:00+01:00,124.36813
2026-02-12 19:00:00+01:00,118.533195
2026-02-12 20:00:00+01:00,101.67088
2026-02-12 21:00:00+01:00,99.10408
2026-02-12 22:00:00+01:00,93.27576
2026-02-12 23:00:00+01:00,80.42022
2026-02-13 00:00:00+01:00,75.52172
2026-02-13 01:00:00+01:00,73.10954
2026-02-13 02:00:00+01:00,67.78674
2026-02-13 03:00:00+01:00,67.501884
2026-02-13 04:00:00+01:00,69.64965
2026-02-13 05:00:00+01:00,78.29408
2026-02-13 06:00:00+01:00,88.49862
2026-02-13 07:00:00+01:00,118.47287
2026-02-13 08:00:00+01:00,134.01868
2026-02-13 09:00:00+01:00,139.03986
2026-02-13 10:00:00+01:00,130.98553
2026-02-13 11:00:00+01:00,123.28126
2026-02-13 12:00:00+01:00,121.40402
2026-02-13 13:00:00+01:00,122.40785
2026-02-13 14:00:00+01:00,123.51304
2026-02-13 15:00:00+01:00,133.81921
2026-02-13 16:00:00+01:00,147.90268
2026-02-13 17:00:00+01:00,173.66475
2026-02-13 18:00:00+01:00,163.9824
2026-02-13 19:00:00+01:00,156.62512
2026-02-13 20:00:00+01:00,136.84456
2026-02-13 21:00:00+01:00,125.6449
2026-02-13 22:00:00+01:00,121.21899
2026-02-13 23:00:00+01:00,110.50741
2026-02-14 00:00:00+01:00,102.6869
2026-02-14 01:00:00+01:00,101.0919
2026-02-14 02:00:00+01:00,96.31806
2026-02-14 03:00:00+01:00,93.30219
2026-02-14 04:00:00+01:00,91.881676
2026-02-14 05:00:00+01:00,91.29118
2026-02-14 06:00:00+01:00,93.47269
2026-02-14 07:00:00+01:00,105.36662
2026-02-14 08:00:00+01:00,121.31875
2026-02-14 09:00:00+01:00,131.3037
2026-02-14 10:00:00+01:00,122.26012
2026-02-14 11:00:00+01:00,114.561485
2026-02-14 12:00:00+01:00,109.68839
2026-02-14 13:00:00+01:00,108.515175
2026-02-14 14:00:00+01:00,107.26425
2026-02-14 15:00:00+01:00,110.86744
2026-02-14 16:00:00+01:00,124.6358
2026-02-14 17:00:00+01:00,145.01169
2026-02-14 18:00:00+01:00,156.03523
2026-02-14 19:00:00+01:00,153.15479
2026-02-14 20:00:00+01:00,138.88898
2026-02-14 21:00:00+01:00,128.18916
2026-02-14 22:00:00+01:00,126.66276
2026-02-14 23:00:00+01:00,118.30404
2026-02-15 00:00:00+01:00,117.71686
2026-02-15 01:00:00+01:00,104.345955
2026-02-15 02:00:00+01:00,100.53785
2026-02-15 03:00:00+01:00,100.19238
2026-02-15 04:00:00+01:00,99.32946
2026-02-15 05:00:00+01:00,99.35781
2026-02-15 06:00:00+01:00,99.51303
2026-02-15 07:00:00+01:00,99.23389
2026-02-15 08:00:00+01:00,105.9954
2026-02-15 09:00:00+01:00,106.890305
2026-02-15 10:00:00+01:00,101.55596
2026-02-15 11:00:00+01:00,90.679955
2026-02-15 12:00:00+01:00,78.01718
2026-02-15 13:00:00+01:00,69.67841
2026-02-15 14:00:00+01:00,67.17333
2026-02-15 15:00:00+01:00,76.12542
2026-02-15 16:00:00+01:00,85.21167
2026-02-15 17:00:00+01:00,102.06678
2026-02-15 18:00:00+01:00,96.820145
2026-02-15 19:00:00+01:00,84.68051
2026-02-15 20:00:00+01:00,79.933846
2026-02-15 21:00:00+01:00,64.50042
2026-02-15 22:00:00+01:00,74.03262
2026-02-15 23:00:00+01:00,63.189903
2026-02-16 00:00:00+01:00,55.12458
2026-02-16 01:00:00+01:00,47.505184
2026-02-16 02:00:00+01:00,45.985203
2026-02-16 03:00:00+01:00,45.706608
2026-02-16 04:00:00+01:00,45.525642
2026-02-16 05:00:00+01:00,60.243656
2026-02-16 06:00:00+01:00,76.46819
2026-02-16 07:00:00+01:00,92.04118
2026-02-16 08:00:00+01:00,105.56994
2026-02-16 09:00:00+01:00,102.71383
2026-02-16 10:00:00+01:00,100.55465
2026-02-16 11:00:00+01:00,96.51126
2026-02-16 12:00:00+01:00,97.80697
2026-02-16 13:00:00+01:00,95.56094
2026-02-16 14:00:00+01:00,105.36643
2026-02-16 15:00:00+01:00,115.762276
2026-02-16 16:00:00+01:00,126.71711
2026-02-16 17:00:00+01:00,137.4157
2026-02-16 18:00:00+01:00,150.28627
2026-02-16 19:00:00+01:00,147.11026
2026-02-16 20:00:00+01:00,129.75838
2026-02-16 21:00:00+01:00,127.29483
2026-02-16 22:00:00+01:00,120.49645
2026-02-16 23:00:00+01:00,108.64432
2026-02-17 00:00:00+01:00,99.31501
2026-02-17 01:00:00+01:00,92.60706
2026-02-17 02:00:00+01:00,89.96473
2026-02-17 03:00:00+01:00,89.96473
2026-02-17 04:00:00+01:00,90.51833
2026-02-17 05:00:00+01:00,93.82469
2026-02-17 06:00:00+01:00,98.275734
2026-02-17 07:00:00+01:00,120.36595
2026-02-17 08:00:00+01:00,148.96338
2026-02-17 09:00:00+01:00,147.63261
2026-02-17 10:00:00+01:00,138.80524
2026-02-17 11:00:00+01:00,133.25467
2026-02-17 12:00:00+01:00,119.53777
2026-02-17 13:00:00+01:00,116.18294
2026-02-17 14:00:00+01:00,108.23315
2026-02-17 15:00:00+01:00,112.29256
2026-02-17 16:00:00+01:00,119.37956
2026-02-17 17:00:00+01:00,134.39336
2026-02-17 18:00:00+01:00,140.80629
2026-02-17 19:00:00+01:00,137.95958
2026-02-17 20:00:00+01:00,126.36166
2026-02-17 21:00:00+01:00,113.90779
2026-02-17 22:00:00+01:00,109.778
2026-02-17 23:00:00+01:00,103.25336
2026-02-18 00:00:00+01:00,93.31127
2026-02-18 01:00:00+01:00,92.47342
2026-02-18 02:00:00+01:00,91.13884
2026-02-18 03:00:00+01:00,92.88156
2026-02-18 04:00:00+01:00,98.09401
2026-02-18 05:00:00+01:00,100.891014
2026-02-18 06:00:00+01:00,122.039154
2026-02-18 07:00:00+01:00,228.06468
2026-02-18 08:00:00+01:00,243.72844
2026-02-18 09:00:00+01:00,216.33746
2026-02-18 10:00:00+01:00,222.00397
2026-02-18 11:00:00+01:00,176.22853
2026-02-18 12:00:00+01:00,146.01253
2026-02-18 13:00:00+01:00,117.11012
2026-02-18 14:00:00+01:00,121.352455
2026-02-18 15:00:00+01:00,122.730354
2026-02-18 16:00:00+01:00,138.85075
2026-02-18 17:00:00+01:00,194.58832
2026-02-18 18:00:00+01:00,167.32741
2026-02-18 19:00:00+01:00,138.89687
2026-02-18 20:00:00+01:00,124.89376
2026-02-18 21:00:00+01:00,111.324196
2026-02-18 22:00:00+01:00,99.97861
2026-02-18 23:00:00+01:00,91.85622
2026-02-19 00:00:00+01:00,85.70946
2026-02-19 01:00:00+01:00,82.58574
2026-02-19 02:00:00+01:00,75.68294
2026-02-19 03:00:00+01:00,74.68744
2026-02-19 04:00:00+01:00,74.25257
2026-02-19 05:00:00+01:00,75.95812
2026-02-19 06:00:00+01:00,88.23209
2026-02-19 07:00:00+01:00,117.86938
2026-02-19 08:00:00+01:00,130.1305
2026-02-19 09:00:00+01:00,127.84807
2026-02-19 10:00:00+01:00,119.4813
2026-02-19 11:00:00+01:00,104.04004
2026-02-19 12:00:00+01:00,97.622375
2026-02-19 13:00:00+01:00,93.43246
2026-02-19 14:00:00+01:00,90.04783
2026-02-19 15:00:00+01:00,96.30939
2026-02-19 16:00:00+01:00,103.3103
2026-02-19 17:00:00+01:00,122.400764
2026-02-19 18:00:00+01:00,132.59479
2026-02-19 19:00:00+01:00,118.979195
2026-02-19 20:00:00+01:00,116.260574
2026-02-19 21:00:00+01:00,100.65683
2026-02-19 22:00:00+01:00,96.45744
2026-02-19 23:00:00+01:00,89.55943
2026-02-20 00:00:00+01:00,83.15148
2026-02-20 01:00:00+01:00,81.75456
2026-02-20 02:00:00+01:00,81.77461
2026-02-20 03:00:00+01:00,84.34891
2026-02-20 04:00:00+01:00,85.34802
2026-02-20 05:00:00+01:00,86.40008
2026-02-20 06:00:00+01:00,92.358536
2026-02-20 07:00:00+01:00,104.47987
2026-02-20 08:00:00+01:00,123.96907
2026-02-20 09:00:00+01:00,106.762474
2026-02-20 10:00:00+01:00,100.335236
2026-02-20 11:00:00+01:00,91.922516
2026-02-20 12:00:00+01:00,87.44506
2026-02-20 13:00:00+01:00,87.584015
2026-02-20 14:00:00+01:00,90.42874
2026-02-20 15:00:00+01:00,92.34178
2026-02-20 16:00:00+01:00,103.4448
2026-02-20 17:00:00+01:00,115.317055
2026-02-20 18:00:00+01:00,113.58207
2026-02-20 19:00:00+01:00,109.11337
2026-02-20 20:00:00+01:00,94.95243
2026-02-20 21:00:00+01:00,79.12974
2026-02-20 22:00:00+01:00,59.84505
2026-02-20 23:00:00+01:00,44.89761
2026-02-21 00:00:00+01:00,12.915743
2026-02-21 01:00:00+01:00,5.8327
2026-02-21 02:00:00+01:00,1.8221244
2026-02-21 03:00:00+01:00,1.1726363
2026-02-21 04:00:00+01:00,0.6759631
2026-02-21 05:00:00+01:00,0.54426837
2026-02-21 06:00:00+01:00,2.9405186
2026-02-21 07:00:00+01:00,4.9417386
2026-02-21 08:00:00+01:00,9.425163
2026-02-21 09:00:00+01:00,11.193744
2026-02-21 10:00:00+01:00,14.1539955
2026-02-21 11:00:00+01:00,12.797175
2026-02-21 12:00:00+01:00,15.4369545
2026-02-21 13:00:00+01:00,12.854786
2026-02-21 14:00:00+01:00,34.081028
2026-02-21 15:00:00+01:00,65.43479
2026-02-21 16:00:00+01:00,74.74642
2026-02-21 17:00:00+01:00,92.55647
2026-02-21 18:00:00+01:00,90.799576
2026-02-21 19:00:00+01:00,92.406044
2026-02-21 20:00:00+01:00,86.710915
2026-02-21 21:00:00+01:00,73.38851
2026-02-21 22:00:00+01:00,71.46777
2026-02-21 23:00:00+01:00,61.440815
2026-02-22 00:00:00+01:00,46.06166
2026-02-22 01:00:00+01:00,23.676405
2026-02-22 02:00:00+01:00,15.733237
2026-02-22 03:00:00+01:00,12.123902
2026-02-22 04:00:00+01:00,7.0527472
2026-02-22 05:00:00+01:00,4.1427684
2026-02-22 06:00:00+01:00,-3.7711802
2026-02-22 07:00:00+01:00,-2.0450563
2026-02-22 08:00:00+01:00,2.9638484
2026-02-22 09:00:00+01:00,3.7683382
2026-02-22 10:00:00+01:00,3.623263
2026-02-22 11:00:00+01:00,4.9213157
2026-02-22 12:00:00+01:00,3.2884204
2026-02-22 13:00:00+01:00,3.207111
2026-02-22 14:00:00+01:00,0.8471344
2026-02-22 15:00:00+01:00,3.565951
2026-02-22 16:00:00+01:00,7.542432
2026-02-22 17:00:00+01:00,24.513714
2026-02-22 18:00:00+01:00,50.8623
2026-02-22 19:00:00+01:00,55.28767
2026-02-22 20:00:00+01:00,53.691666
2026-02-22 21:00:00+01:00,26.641869
2026-02-22 22:00:00+01:00,32.07899
2026-02-22 23:00:00+01:00,11.822902
2026-02-23 00:00:00+01:00,8.783548
2026-02-23 01:00:00+01:00,0.9234079
2026-02-23 02:00:00+01:00,3.1961606
2026-02-23 03:00:00+01:00,6.21397
2026-02-23 04:00:00+01:00,23.045744
2026-02-23 05:00:00+01:00,29.769375
2026-02-23 06:00:00+01:00,37.84645
2026-02-23 07:00:00+01:00,69.755745
2026-02-23 08:00:00+01:00,79.2527
2026-02-23 09:00:00+01:00,68.351265
2026-02-23 10:00:00+01:00,43.404877
2026-02-23 11:00:00+01:00,15.480545
2026-02-23 12:00:00+01:00,12.235471
2026-02-23 13:00:00+01:00,7.169069
2026-02-23 14:00:00+01:00,6.900765
2026-02-23 15:00:00+01:00,24.141582
2026-02-23 16:00:00+01:00,47.886803
2026-02-23 17:00:00+01:00,80.742516
2026-02-23 18:00:00+01:00,82.6931
2026-02-23 19:00:00+01:00,79.655304
2026-02-23 20:00:00+01:00,80.17149
2026-02-23 21:00:00+01:00,73.30644
2026-02-23 22:00:00+01:00,73.5714
2026-02-23 23:00:00+01:00,67.424255
2026-02-24 00:00:00+01:00,68.48196
2026-02-24 01:00:00+01:00,73.29408
2026-02-24 02:00:00+01:00,76.85773
2026-02-24 03:00:00+01:00,83.45697
2026-02-24 04:00:00+01:00,86.12323
2026-02-24 05:00:00+01:00,92.26042
2026-02-24 06:00:00+01:00,99.887054
2026-02-24 07:00:00+01:00,139.52733
2026-02-24 08:00:00+01:00,195.79504
2026-02-24 09:00:00+01:00,205.09743
2026-02-24 10:00:00+01:00,166.09088
2026-02-24 11:00:00+01:00,143.20331
2026-02-24 12:00:00+01:00,139.61691
2026-02-24 13:00:00+01:00,120.06632
2026-02-24 14:00:00+01:00,117.15102
2026-02-24 15:00:00+01:00,133.77283
2026-02-24 16:00:00+01:00,149.40227
2026-02-24 17:00:00+01:00,241.25153
2026-02-24 18:00:00+01:00,192.15593
2026-02-24 19:00:00+01:00,190.18051
2026-02-24 20:00:00+01:00,216.82523
2026-02-24 21:00:00+01:00,149.54729
2026-02-24 22:00:00+01:00,129.32408
2026-02-24 23:00:00+01:00,110.73436
2026-02-25 00:00:00+01:00,102.08886
2026-02-25 01:00:00+01:00,98.78646
2026-02-25 02:00:00+01:00,97.672745
2026-02-25 03:00:00+01:00,97.73762
2026-02-25 04:00:00+01:00,99.89972
2026-02-25 05:00:00+01:00,102.42378
2026-02-25 06:00:00+01:00,121.3584
2026-02-25 07:00:00+01:00,160.9327
2026-02-25 08:00:00+01:00,188.32117
2026-02-25 09:00:00+01:00,155.13864
2026-02-25 10:00:00+01:00,130.61711
2026-02-25 11:00:00+01:00,107.732124
2026-02-25 12:00:00+01:00,92.25903
2026-02-25 13:00:00+01:00,78.12474
2026-02-25 14:00:00+01:00,75.77212
2026-02-25 15:00:00+01:00,89.14265
2026-02-25 16:00:00+01:00,110.89911
2026-02-25 17:00:00+01:00,139.15973
2026-02-25 18:00:00+01:00,157.72305
2026-02-25 19:00:00+01:00,136.34645
2026-02-25 20:00:00+01:00,120.18682
2026-02-25 21:00:00+01:00,105.69232
2026-02-25 22:00:00+01:00,95.589874
2026-02-25 23:00:00+01:00,86.04986
2026-02-26 00:00:00+01:00,76.67912
2026-02-26 01:00:00+01:00,70.92849
2026-02-26 02:00:00+01:00,67.688896
2026-02-26 03:00:00+01:00,67.73562
2026-02-26 04:00:00+01:00,68.11568
2026-02-26 05:00:00+01:00,74.60311
2026-02-26 06:00:00+01:00,86.39518
2026-02-26 07:00:00+01:00,109.47991
2026-02-26 08:00:00+01:00,112.718994
2026-02-26 09:00:00+01:00,98.4615
2026-02-26 10:00:00+01:00,77.4582
2026-02-26 11:00:00+01:00,68.92946
2026-02-26 12:00:00+01:00,62.058437
2026-02-26 13:00:00+01:00,50.667675
2026-02-26 14:00:00+01:00,56.945404
2026-02-26 15:00:00+01:00,64.2467
2026-02-26 16:00:00+01:00,83.88689
2026-02-26 17:00:00+01:00,103.50275
2026-02-26 18:00:00+01:00,129.08281
2026-02-26 19:00:00+01:00,113.37884
2026-02-26 20:00:00+01:00,98.10547
2026-02-26 21:00:00+01:00,80.86453
2026-02-26 22:00:00+01:00,75.17785
2026-02-26 23:00:00+01:00,65.6395
2026-02-27 00:00:00+01:00,57.077194
2026-02-27 01:00:00+01:00,56.185757
2026-02-27 02:00:00+01:00,47.25993
2026-02-27 03:00:00+01:00,42.514145
2026-02-27 04:00:00+01:00,46.94732
2026-02-27 05:00:00+01:00,53.966377
2026-02-27 06:00:00+01:00,72.55256
2026-02-27 07:00:00+01:00,100.048035
2026-02-27 08:00:00+01:00,96.47976
2026-02-27 09:00:00+01:00,75.92436
2026-02-27 10:00:00+01:00,40.438816
2026-02-27 11:00:00+01:00,11.974593
2026-02-27 12:00:00+01:00,5.5412793
2026-02-27 13:00:00+01:00,1.9299713
2026-02-27 14:00:00+01:00,6.686734
2026-02-27 15:00:00+01:00,31.822588
2026-02-27 16:00:00+01:00,80.719894
2026-02-27 17:00:00+01:00,104.176765
2026-02-27 18:00:00+01:00,114.43782
2026-02-27 19:00:00+01:00,116.922455
2026-02-27 20:00:00+01:00,101.27029
2026-02-27 21:00:00+01:00,90.69542
2026-02-27 22:00:00+01:00,86.702644
2026-02-27 23:00:00+01:00,81.86089
2026-02-28 00:00:00+01:00,72.198456
2026-02-28 01:00:00+01:00,69.477425
2026-02-28 02:00:00+01:00,67.218956
2026-02-28 03:00:00+01:00,67.56029
2026-02-28 04:00:00+01:00,59.50078
2026-02-28 05:00:00+01:00,57.063206
2026-02-28 06:00:00+01:00,41.480343
2026-02-28 07:00:00+01:00,67.14646
2026-02-28 08:00:00+01:00,63.038788
2026-02-28 09:00:00+01:00,24.710802
2026-02-28 10:00:00+01:00,7.2666507
2026-02-28 11:00:00+01:00,1.2969232
2026-02-28 12:00:00+01:00,-5.3033476
2026-02-28 13:00:00+01:00,-4.903274
2026-02-28 14:00:00+01:00,-1.6763983
2026-02-28 15:00:00+01:00,1.0214108
2026-02-28 16:00:00+01:00,14.190433
2026-02-28 17:00:00+01:00,66.687485
2026-02-28 18:00:00+01:00,79.52648
2026-02-28 19:00:00+01:00,61.14614
2026-02-28 20:00:00+01:00,57.952198
2026-02-28 21:00:00+01:00,26.450985
2026-02-28 22:00:00+01:00,22.654184
2026-02-28 23:00:00+01:00,18.90355
2026-03-01 00:00:00+01:00,8.660918
2026-03-01 01:00:00+01:00,14.988392
2026-03-01 02:00:00+01:00,23.212048
2026-03-01 03:00:00+01:00,38.071632
2026-03-01 04:00:00+01:00,32.000343
2026-03-01 05:00:00+01:00,45.87059
2026-03-01 06:00:00+01:00,35.690365
2026-03-01 07:00:00+01:00,64.1425
2026-03-01 08:00:00+01:00,71.90898
2026-03-01 09:00:00+01:00,60.803837
2026-03-01 10:00:00+01:00,12.7460575
2026-03-01 11:00:00+01:00,-0.11329288
2026-03-01 12:00:00+01:00,-0.40658978
2026-03-01 13:00:00+01:00,-1.0000509
2026-03-01 14:00:00+01:00,-1.4529494
2026-03-01 15:00:00+01:00,5.8648486
2026-03-01 16:00:00+01:00,56.27288
2026-03-01 17:00:00+01:00,92.58843
2026-03-01 18:00:00+01:00,112.11776
2026-03-01 19:00:00+01:00,97.820274
2026-03-01 20:00:00+01:00,91.572716
2026-03-01 21:00:00+01:00,78.79335
2026-03-01 22:00:00+01:00,77.15667
2026-03-01 23:00:00+01:00,72.99491
2026-03-02 00:00:00+01:00,62.14392
2026-03-02 01:00:00+01:00,58.64763
2026-03-02 02:00:00+01:00,61.566933
2026-03-02 03:00:00+01:00,66.096016
2026-03-02 04:00:00+01:00,72.75082
2026-03-02 05:00:00+01:00,80.397156
2026-03-02 06:00:00+01:00,87.83896
2026-03-02 07:00:00+01:00,114.03877
2026-03-02 08:00:00+01:00,104.22632
2026-03-02 09:00:00+01:00,85.22522
2026-03-02 10:00:00+01:00,69.03821
2026-03-02 11:00:00+01:00,19.291811
2026-03-02 12:00:00+01:00,4.6492662
2026-03-02 13:00:00+01:00,-1.9964132
2026-03-02 14:00:00+01:00,9.928577
2026-03-02 15:00:00+01:00,56.338467
2026-03-02 16:00:00+01:00,92.20682
2026-03-02 17:00:00+01:00,116.815346
2026-03-02 18:00:00+01:00,143.23088
2026-03-02 19:00:00+01:00,141.62932
2026-03-02 20:00:00+01:00,109.95396
2026-03-02 21:00:00+01:00,102.1823
2026-03-02 22:00:00+01:00,94.61045
2026-03-02 23:00:00+01:00,88.96466
2026-03-03 00:00:00+01:00,84.90887
2026-03-03 01:00:00+01:00,83.184616
2026-03-03 02:00:00+01:00,84.412056
2026-03-03 03:00:00+01:00,85.2353
2026-03-03 04:00:00+01:00,87.738335
2026-03-03 05:00:00+01:00,93.20573
2026-03-03 06:00:00+01:00,103.25668
2026-03-03 07:00:00+01:00,151.82906
2026-03-03 08:00:00+01:00,165.29572
2026-03-03 09:00:00+01:00,114.41582
2026-03-03 10:00:00+01:00,84.71166
2026-03-03 11:00:00+01:00,58.022617
2026-03-03 12:00:00+01:00,39.894417
2026-03-03 13:00:00+01:00,21.028599
2026-03-03 14:00:00+01:00,34.82319
2026-03-03 15:00:00+01:00,76.12697
2026-03-03 16:00:00+01:00,105.4069
2026-03-03 17:00:00+01:00,137.56238
2026-03-03 18:00:00+01:00,217.91927
2026-03-03 19:00:00+01:00,208.12817
2026-03-03 20:00:00+01:00,143.33861
2026-03-03 21:00:00+01:00,122.61154
2026-03-03 22:00:00+01:00,115.61689
2026-03-03 23:00:00+01:00,102.97676
2026-03-04 00:00:00+01:00,100.49169
2026-03-04 01:00:00+01:00,98.73122
2026-03-04 02:00:00+01:00,95.86503
2026-03-04 03:00:00+01:00,100.17334
2026-03-04 04:00:00+01:00,100.45633
2026-03-04 05:00:00+01:00,101.57892
2026-03-04 06:00:00+01:00,124.522705
2026-03-04 07:00:00+01:00,180.70732
2026-03-04 08:00:00+01:00,172.6823
2026-03-04 09:00:00+01:00,129.87598
2026-03-04 10:00:00+01:00,95.4069
2026-03-04 11:00:00+01:00,66.29822
2026-03-04 12:00:00+01:00,46.94261
2026-03-04 13:00:00+01:00,37.936993
2026-03-04 14:00:00+01:00,58.940147
2026-03-04 15:00:00+01:00,75.446205
2026-03-04 16:00:00+01:00,96.5741
2026-03-04 17:00:00+01:00,141.13332
2026-03-04 18:00:00+01:00,199.914
2026-03-04 19:00:00+01:00,174.8116
2026-03-04 20:00:00+01:00,143.2425
2026-03-04 21:00:00+01:00,126.12875
2026-03-04 22:00:00+01:00,119.756744
2026-03-04 23:00:00+01:00,102.520134
2026-03-05 00:00:00+01:00,113.024765
2026-03-05 01:00:00+01:00,109.31069
2026-03-05 02:00:00+01:00,105.34477
2026-03-05 03:00:00+01:00,104.93113
2026-03-05 04:00:00+01:00,109.14198
2026-03-05 05:00:00+01:00,110.40359
2026-03-05 06:00:00+01:00,125.41862
2026-03-05 07:00:00+01:00,135.73285
2026-03-05 08:00:00+01:00,128.18076
2026-03-05 09:00:00+01:00,116.50211
2026-03-05 10:00:00+01:00,85.284744
2026-03-05 11:00:00+01:00,60.93371
2026-03-05 12:00:00+01:00,48.89814
2026-03-05 13:00:00+01:00,13.18524
2026-03-05 14:00:00+01:00,29.087103
2026-03-05 15:00:00+01:00,69.53963
2026-03-05 16:00:00+01:00,91.36905
2026-03-05 17:00:00+01:00,126.91233
2026-03-05 18:00:00+01:00,134.88121
2026-03-05 19:00:00+01:00,128.32117
2026-03-05 20:00:00+01:00,106.274765
2026-03-05 21:00:00+01:00,101.13587
2026-03-05 22:00:00+01:00,98.75585
2026-03-05 23:00:00+01:00,94.32987
2026-03-06 00:00:00+01:00,95.28176
2026-03-06 01:00:00+01:00,95.80072
2026-03-06 02:00:00+01:00,97.23824
2026-03-06 03:00:00+01:00,94.49079
2026-03-06 04:00:00+01:00,101.70744
2026-03-06 05:00:00+01:00,103.33474
2026-03-06 06:00:00+01:00,129.89903
2026-03-06 07:00:00+01:00,155.17204
2026-03-06 08:00:00+01:00,142.4793
2026-03-06 09:00:00+01:00,110.31864
2026-03-06 10:00:00+01:00,78.92537
2026-03-06 11:00:00+01:00,66.88312
2026-03-06 12:00:00+01:00,35.48733
2026-03-06 13:00:00+01:00,33.520916
2026-03-06 14:00:00+01:00,50.18011
2026-03-06 15:00:00+01:00,78.778725
2026-03-06 16:00:00+01:00,97.05421
2026-03-06 17:00:00+01:00,137.52235
2026-03-06 18:00:00+01:00,195.97157
2026-03-06 19:00:00+01:00,166.28151
2026-03-06 20:00:00+01:00,143.42856
2026-03-06 21:00:00+01:00,136.1651
2026-03-06 22:00:00+01:00,126.43772
2026-03-06 23:00:00+01:00,117.83926
2026-03-07 00:00:00+01:00,103.089745
2026-03-07 01:00:00+01:00,102.5538
2026-03-07 02:00:00+01:00,104.03525
2026-03-07 03:00:00+01:00,103.51969
2026-03-07 04:00:00+01:00,105.35168
2026-03-07 05:00:00+01:00,109.40663
2026-03-07 06:00:00+01:00,122.07068
2026-03-07 07:00:00+01:00,129.66896
2026-03-07 08:00:00+01:00,116.95316
2026-03-07 09:00:00+01:00,89.59994
2026-03-07 10:00:00+01:00,52.439148
2026-03-07 11:00:00+01:00,22.091526
2026-03-07 12:00:00+01:00,7.344873
2026-03-07 13:00:00+01:00,7.198269
2026-03-07 14:00:00+01:00,6.067907
2026-03-07 15:00:00+01:00,58.03113
2026-03-07 16:00:00+01:00,89.91644
2026-03-07 17:00:00+01:00,129.14697
2026-03-07 18:00:00+01:00,150.32532
2026-03-07 19:00:00+01:00,151.39813
2026-03-07 20:00:00+01:00,133.86589
2026-03-07 21:00:00+01:00,126.387825
2026-03-07 22:00:00+01:00,122.04701
2026-03-07 23:00:00+01:00,120.5294
2026-03-08 00:00:00+01:00,116.648346
2026-03-08 01:00:00+01:00,113.7477
2026-03-08 02:00:00+01:00,112.1416
2026-03-08 03:00:00+01:00,110.63579
2026-03-08 04:00:00+01:00,108.10094
2026-03-08 05:00:00+01:00,112.18127
2026-03-08 06:00:00+01:00,115.19425
2026-03-08 07:00:00+01:00,124.97474
2026-03-08 08:00:00+01:00,104.41087
2026-03-08 09:00:00+01:00,77.97087
2026-03-08 10:00:00+01:00,32.625175
2026-03-08 11:00:00+01:00,9.112487
2026-03-08 12:00:00+01:00,6.5998
2026-03-08 13:00:00+01:00,6.967234
2026-03-08 14:00:00+01:00,5.7452407
2026-03-08 15:00:00+01:00,13.132017
2026-03-08 16:00:00+01:00,78.996124
2026-03-08 17:00:00+01:00,107.85966
2026-03-08 18:00:00+01:00,134.86324
2026-03-08 19:00:00+01:00,124.655106
2026-03-08 20:00:00+01:00,112.975075
2026-03-08 21:00:00+01:00,106.34778
2026-03-08 22:00:00+01:00,104.984436
2026-03-08 23:00:00+01:00,105.26706
2026-03-09 00:00:00+01:00,103.46553
2026-03-09 01:00:00+01:00,103.11002
2026-03-09 02:00:00+01:00,103.93883
2026-03-09 03:00:00+01:00,106.38923
2026-03-09 04:00:00+01:00,110.306465
2026-03-09 05:00:00+01:00,116.57394
2026-03-09 06:00:00+01:00,128.62575
2026-03-09 07:00:00+01:00,155.6721
2026-03-09 08:00:00+01:00,154.54408
2026-03-09 09:00:00+01:00,109.47694
2026-03-09 10:00:00+01:00,85.342476
2026-03-09 11:00:00+01:00,64.204056
2026-03-09 12:00:00+01:00,48.1172
2026-03-09 13:00:00+01:00,48.92455
2026-03-09 14:00:00+01:00,70.6141
2026-03-09 15:00:00+01:00,85.66256
2026-03-09 16:00:00+01:00,98.68521
2026-03-09 17:00:00+01:00,142.88263
2026-03-09 18:00:00+01:00,222.38643
2026-03-09 19:00:00+01:00,193.59935
2026-03-09 20:00:00+01:00,150.6643
2026-03-09 21:00:00+01:00,135.96457
2026-03-09 22:00:00+01:00,137.47829
2026-03-09 23:00:00+01:00,130.35251
2026-03-10 00:00:00+01:00,122.298836
2026-03-10 01:00:00+01:00,105.034355
2026-03-10 02:00:00+01:00,103.62396
2026-03-10 03:00:00+01:00,108.866936
2026-03-10 04:00:00+01:00,114.87042
2026-03-10 05:00:00+01:00,115.42481
2026-03-10 06:00:00+01:00,136.38332
2026-03-10 07:00:00+01:00,207.08003
2026-03-10 08:00:00+01:00,209.5335
2026-03-10 09:00:00+01:00,128.38275
2026-03-10 10:00:00+01:00,102.454094
2026-03-10 11:00:00+01:00,65.162926
2026-03-10 12:00:00+01:00,70.59043
2026-03-10 13:00:00+01:00,59.615273
2026-03-10 14:00:00+01:00,66.699234
2026-03-10 15:00:00+01:00,80.39353
2026-03-10 16:00:00+01:00,97.30078
2026-03-10 17:00:00+01:00,128.3093
2026-03-10 18:00:00+01:00,208.42271
2026-03-10 19:00:00+01:00,209.4768
2026-03-10 20:00:00+01:00,165.22871
2026-03-10 21:00:00+01:00,126.0576
2026-03-10 22:00:00+01:00,119.46067
2026-03-10 23:00:00+01:00,107.701584
2026-03-11 00:00:00+01:00,98.99072
2026-03-11 01:00:00+01:00,90.43418
2026-03-11 02:00:00+01:00,81.0896
2026-03-11 03:00:00+01:00,74.45099
2026-03-11 04:00:00+01:00,75.494606
2026-03-11 05:00:00+01:00,76.43795
2026-03-11 06:00:00+01:00,89.4984
2026-03-11 07:00:00+01:00,104.67371
2026-03-11 08:00:00+01:00,103.87386
2026-03-11 09:00:00+01:00,84.1471
2026-03-11 10:00:00+01:00,50.188244
2026-03-11 11:00:00+01:00,17.391203
2026-03-11 12:00:00+01:00,18.148247
2026-03-11 13:00:00+01:00,11.73884
2026-03-11 14:00:00+01:00,18.416805
2026-03-11 15:00:00+01:00,67.347626
2026-03-11 16:00:00+01:00,84.852356
2026-03-11 17:00:00+01:00,101.78773
2026-03-11 18:00:00+01:00,115.390205
2026-03-11 19:00:00+01:00,120.45491
2026-03-11 20:00:00+01:00,113.69927
2026-03-11 21:00:00+01:00,111.519775
2026-03-11 22:00:00+01:00,107.575745
2026-03-11 23:00:00+01:00,96.79137
2026-03-12 00:00:00+01:00,81.20496
2026-03-12 01:00:00+01:00,78.177376
2026-03-12 02:00:00+01:00,76.3554
2026-03-12 03:00:00+01:00,76.04014
2026-03-12 04:00:00+01:00,78.54779
2026-03-12 05:00:00+01:00,85.07437
2026-03-12 06:00:00+01:00,98.649994
2026-03-12 07:00:00+01:00,116.48265
2026-03-12 08:00:00+01:00,99.94235
2026-03-12 09:00:00+01:00,86.30813
2026-03-12 10:00:00+01:00,46.75033
2026-03-12 11:00:00+01:00,10.648892
2026-03-12 12:00:00+01:00,8.288166
2026-03-12 13:00:00+01:00,3.7916484
2026-03-12 14:00:00+01:00,4.9000096
2026-03-12 15:00:00+01:00,10.534861
2026-03-12 16:00:00+01:00,56.257034
2026-03-12 17:00:00+01:00,90.9062
2026-03-12 18:00:00+01:00,114.901276
2026-03-12 19:00:00+01:00,117.17976
2026-03-12 20:00:00+01:00,90.22913
2026-03-12 21:00:00+01:00,68.16005
2026-03-12 22:00:00+01:00,58.732964
2026-03-12 23:00:00+01:00,46.37163
2026-03-13 00:00:00+01:00,31.843357
2026-03-13 01:00:00+01:00,16.837173
2026-03-13 02:00:00+01:00,5.711267
2026-03-13 03:00:00+01:00,7.0178204
2026-03-13 04:00:00+01:00,8.187765
2026-03-13 05:00:00+01:00,13.906923
2026-03-13 06:00:00+01:00,32.060825
2026-03-13 07:00:00+01:00,28.629803
2026-03-13 08:00:00+01:00,7.190337
2026-03-13 09:00:00+01:00,4.1733046
2026-03-13 10:00:00+01:00,8.63619
2026-03-13 11:00:00+01:00,1.870227
2026-03-13 12:00:00+01:00,1.1125368
2026-03-13 13:00:00+01:00,-1.1670476
2026-03-13 14:00:00+01:00,1.038041
2026-03-13 15:00:00+01:00,41.30735
2026-03-13 16:00:00+01:00,80.57826
2026-03-13 17:00:00+01:00,102.414635
2026-03-13 18:00:00+01:00,118.63739
2026-03-13 19:00:00+01:00,126.07323
2026-03-13 20:00:00+01:00,110.62309
2026-03-13 21:00:00+01:00,108.93597
2026-03-13 22:00:00+01:00,107.29118
2026-03-13 23:00:00+01:00,104.092415
2026-03-14 00:00:00+01:00,99.86283
2026-03-14 01:00:00+01:00,99.37742
2026-03-14 02:00:00+01:00,98.505424
2026-03-14 03:00:00+01:00,100.11033
2026-03-14 04:00:00+01:00,105.434204
2026-03-14 05:00:00+01:00,106.77923
2026-03-14 06:00:00+01:00,109.74011
2026-03-14 07:00:00+01:00,125.44413
2026-03-14 08:00:00+01:00,123.05698
2026-03-14 09:00:00+01:00,117.19128
2026-03-14 10:00:00+01:00,98.17193
2026-03-14 11:00:00+01:00,89.17381
2026-03-14 12:00:00+01:00,89.69661
2026-03-14 13:00:00+01:00,90.83406
2026-03-14 14:00:00+01:00,95.99844
2026-03-14 15:00:00+01:00,103.19294
2026-03-14 16:00:00+01:00,103.34765
2026-03-14 17:00:00+01:00,124.15153
2026-03-14 18:00:00+01:00,171.07625
2026-03-14 19:00:00+01:00,174.36963
2026-03-14 20:00:00+01:00,166.57054
2026-03-14 21:00:00+01:00,137.9296
2026-03-14 22:00:00+01:00,135.88696
2026-03-14 23:00:00+01:00,134.20987
2026-03-15 00:00:00+01:00,133.03317
2026-03-15 01:00:00+01:00,126.06442
2026-03-15 02:00:00+01:00,125.541275
2026-03-15 03:00:00+01:00,123.24482
2026-03-15 04:00:00+01:00,121.83301
2026-03-15 05:00:00+01:00,119.51114
2026-03-15 06:00:00+01:00,116.68871
2026-03-15 07:00:00+01:00,130.36632
2026-03-15 08:00:00+01:00,121.89227
2026-03-15 09:00:00+01:00,110.49839
2026-03-15 10:00:00+01:00,101.375275
2026-03-15 11:00:00+01:00,93.1552
2026-03-15 12:00:00+01:00,88.91077
2026-03-15 13:00:00+01:00,78.61136
2026-03-15 14:00:00+01:00,76.260635
2026-03-15 15:00:00+01:00,85.44008
2026-03-15 16:00:00+01:00,104.47578
2026-03-15 17:00:00+01:00,114.04591
2026-03-15 18:00:00+01:00,146.98259
2026-03-15 19:00:00+01:00,137.86577
2026-03-15 20:00:00+01:00,111.29259
2026-03-15 21:00:00+01:00,98.12208
2026-03-15 22:00:00+01:00,89.62027
2026-03-15 23:00:00+01:00,74.45856
2026-03-16 00:00:00+01:00,48.300972
2026-03-16 01:00:00+01:00,36.021484
2026-03-16 02:00:00+01:00,27.975885
2026-03-16 03:00:00+01:00,31.63378
2026-03-16 04:00:00+01:00,38.969196
2026-03-16 05:00:00+01:00,55.59102
2026-03-16 06:00:00+01:00,71.75671
2026-03-16 07:00:00+01:00,89.97078
2026-03-16 08:00:00+01:00,97.024086
2026-03-16 09:00:00+01:00,78.94573
2026-03-16 10:00:00+01:00,75.75329
2026-03-16 11:00:00+01:00,64.77448
2026-03-16 12:00:00+01:00,50.453007
2026-03-16 13:00:00+01:00,43.254547
2026-03-16 14:00:00+01:00,37.371277
2026-03-16 15:00:00+01:00,62.59493
2026-03-16 16:00:00+01:00,85.6128
2026-03-16 17:00:00+01:00,106.9493
2026-03-16 18:00:00+01:00,142.34845
2026-03-16 19:00:00+01:00,161.94952
2026-03-16 20:00:00+01:00,138.48256
2026-03-16 21:00:00+01:00,127.66572
2026-03-16 22:00:00+01:00,118.85606
2026-03-16 23:00:00+01:00,112.56443
2026-03-17 00:00:00+01:00,107.4091
2026-03-17 01:00:00+01:00,103.3222
2026-03-17 02:00:00+01:00,104.25558
2026-03-17 03:00:00+01:00,102.219444
2026-03-17 04:00:00+01:00,102.76246
2026-03-17 05:00:00+01:00,108.54616
2026-03-17 06:00:00+01:00,120.87024
2026-03-17 07:00:00+01:00,134.45946
2026-03-17 08:00:00+01:00,149.08293
2026-03-17 09:00:00+01:00,125.246475
2026-03-17 10:00:00+01:00,106.28561
2026-03-17 11:00:00+01:00,95.05793
2026-03-17 12:00:00+01:00,86.48662
2026-03-17 13:00:00+01:00,85.13335
2026-03-17 14:00:00+01:00,88.75651
2026-03-17 15:00:00+01:00,100.0007
2026-03-17 16:00:00+01:00,109.31614
2026-03-17 17:00:00+01:00,136.94344
2026-03-17 18:00:00+01:00,173.175
2026-03-17 19:00:00+01:00,185.61139
2026-03-17 20:00:00+01:00,142.27078
2026-03-17 21:00:00+01:00,131.02875
2026-03-17 22:00:00+01:00,115.15288
2026-03-17 23:00:00+01:00,99.54043
2026-03-18 00:00:00+01:00,87.86476
2026-03-18 01:00:00+01:00,77.62088
2026-03-18 02:00:00+01:00,68.719345
2026-03-18 03:00:00+01:00,65.79165
2026-03-18 04:00:00+01:00,77.12438
2026-03-18 05:00:00+01:00,79.768776
2026-03-18 06:00:00+01:00,102.728874
2026-03-18 07:00:00+01:00,114.28311
2026-03-18 08:00:00+01:00,96.58674
2026-03-18 09:00:00+01:00,73.61869
2026-03-18 10:00:00+01:00,51.795033
2026-03-18 11:00:00+01:00,20.749784
2026-03-18 12:00:00+01:00,14.462923
2026-03-18 13:00:00+01:00,14.553722
2026-03-18 14:00:00+01:00,12.905859
2026-03-18 15:00:00+01:00,44.35263
2026-03-18 16:00:00+01:00,86.19763
2026-03-18 17:00:00+01:00,115.36999
2026-03-18 18:00:00+01:00,155.43288
2026-03-18 19:00:00+01:00,164.24968
2026-03-18 20:00:00+01:00,131.6196
2026-03-18 21:00:00+01:00,125.37774
2026-03-18 22:00:00+01:00,114.53135
2026-03-18 23:00:00+01:00,105.241005
2026-03-19 00:00:00+01:00,97.81694
2026-03-19 01:00:00+01:00,89.79509
2026-03-19 02:00:00+01:00,88.67284
2026-03-19 03:00:00+01:00,90.00504
2026-03-19 04:00:00+01:00,94.71598
2026-03-19 05:00:00+01:00,97.56664
2026-03-19 06:00:00+01:00,122.82712
2026-03-19 07:00:00+01:00,161.03427
2026-03-19 08:00:00+01:00,132.1355
2026-03-19 09:00:00+01:00,97.56344
2026-03-19 10:00:00+01:00,70.144554
2026-03-19 11:00:00+01:00,21.512442
2026-03-19 12:00:00+01:00,9.932223
2026-03-19 13:00:00+01:00,12.074168
2026-03-19 14:00:00+01:00,24.121042
2026-03-19 15:00:00+01:00,58.095486
2026-03-19 16:00:00+01:00,88.11793
2026-03-19 17:00:00+01:00,109.8631
2026-03-19 18:00:00+01:00,175.27943
2026-03-19 19:00:00+01:00,166.49889
2026-03-19 20:00:00+01:00,148.51038
2026-03-19 21:00:00+01:00,136.34132
2026-03-19 22:00:00+01:00,125.5162
2026-03-19 23:00:00+01:00,115.04312
2026-03-20 00:00:00+01:00,108.724594
2026-03-20 01:00:00+01:00,106.720894
2026-03-20 02:00:00+01:00,110.00487
2026-03-20 03:00:00+01:00,107.31073
2026-03-20 04:00:00+01:00,120.729
2026-03-20 05:00:00+01:00,124.969666
2026-03-20 06:00:00+01:00,135.48558
2026-03-20 07:00:00+01:00,166.02681
2026-03-20 08:00:00+01:00,138.20111
2026-03-20 09:00:00+01:00,111.48122
2026-03-20 10:00:00+01:00,88.618866
2026-03-20 11:00:00+01:00,59.81043
2026-03-20 12:00:00+01:00,38.750084
2026-03-20 13:00:00+01:00,33.885677
2026-03-20 14:00:00+01:00,51.20898
2026-03-20 15:00:00+01:00,78.03534
2026-03-20 16:00:00+01:00,94.378876
2026-03-20 17:00:00+01:00,122.50407
2026-03-20 18:00:00+01:00,187.68608
2026-03-20 19:00:00+01:00,212.90247
2026-03-20 20:00:00+01:00,165.24597
2026-03-20 21:00:00+01:00,146.42891
2026-03-20 22:00:00+01:00,133.85239
2026-03-20 23:00:00+01:00,128.72122
2026-03-21 00:00:00+01:00,134.97346
2026-03-21 01:00:00+01:00,125.09097
2026-03-21 02:00:00+01:00,122.74648
2026-03-21 03:00:00+01:00,120.31197
2026-03-21 04:00:00+01:00,119.01914
2026-03-21 05:00:00+01:00,122.931305
2026-03-21 06:00:00+01:00,129.72798
2026-03-21 07:00:00+01:00,142.38925
2026-03-21 08:00:00+01:00,122.595505
2026-03-21 09:00:00+01:00,117.224556
2026-03-21 10:00:00+01:00,100.74595
2026-03-21 11:00:00+01:00,68.9546
2026-03-21 12:00:00+01:00,59.06375
2026-03-21 13:00:00+01:00,54.56249
2026-03-21 14:00:00+01:00,61.456013
2026-03-21 15:00:00+01:00,80.13026
2026-03-21 16:00:00+01:00,101.654106
2026-03-21 17:00:00+01:00,120.363815
2026-03-21 18:00:00+01:00,141.53099
2026-03-21 19:00:00+01:00,148.07164
2026-03-21 20:00:00+01:00,123.81459
2026-03-21 21:00:00+01:00,114.51922
2026-03-21 22:00:00+01:00,108.79675
2026-03-21 23:00:00+01:00,100.47205
2026-03-22 00:00:00+01:00,90.96369
2026-03-22 01:00:00+01:00,89.99087
2026-03-22 02:00:00+01:00,89.84313
2026-03-22 03:00:00+01:00,89.0878
2026-03-22 04:00:00+01:00,89.883545
2026-03-22 05:00:00+01:00,93.0941
2026-03-22 06:00:00+01:00,92.9343
2026-03-22 07:00:00+01:00,91.594215
2026-03-22 08:00:00+01:00,65.54308
2026-03-22 09:00:00+01:00,31.028435
2026-03-22 10:00:00+01:00,3.8638935
2026-03-22 11:00:00+01:00,-12.47836
2026-03-22 12:00:00+01:00,-4.0729733
2026-03-22 13:00:00+01:00,-3.1541781
2026-03-22 14:00:00+01:00,-3.4823499
2026-03-22 15:00:00+01:00,6.4542136
2026-03-22 16:00:00+01:00,56.189793
2026-03-22 17:00:00+01:00,102.86824
2026-03-22 18:00:00+01:00,149.10838
2026-03-22 19:00:00+01:00,144.67459
2026-03-22 20:00:00+01:00,128.26984
2026-03-22 21:00:00+01:00,118.04991
2026-03-22 22:00:00+01:00,113.77883
2026-03-22 23:00:00+01:00,110.05511
2026-03-23 00:00:00+01:00,102.02565
2026-03-23 01:00:00+01:00,99.15537
2026-03-23 02:00:00+01:00,100.267426
2026-03-23 03:00:00+01:00,101.80855
2026-03-23 04:00:00+01:00,99.68123
2026-03-23 05:00:00+01:00,105.68701
2026-03-23 06:00:00+01:00,128.98477
2026-03-23 07:00:00+01:00,142.26773
2026-03-23 08:00:00+01:00,119.396126
2026-03-23 09:00:00+01:00,88.77948
2026-03-23 10:00:00+01:00,68.50416
2026-03-23 11:00:00+01:00,64.23406
2026-03-23 12:00:00+01:00,62.871857
2026-03-23 13:00:00+01:00,49.929714
2026-03-23 14:00:00+01:00,37.012474
2026-03-23 15:00:00+01:00,52.095768
2026-03-23 16:00:00+01:00,99.53855
2026-03-23 17:00:00+01:00,117.14152
2026-03-23 18:00:00+01:00,190.78163
2026-03-23 19:00:00+01:00,365.20636
2026-03-23 20:00:00+01:00,292.00354
